-- phpMyAdmin SQL Dump
-- version 3.5.2
-- http://www.phpmyadmin.net
--
-- Φιλοξενητής: localhost
-- Χρόνος δημιουργίας: 15 Ιαν 2013 στις 13:26:32
-- Έκδοση διακομιστή: 5.1.66-0+squeeze1
-- Έκδοση PHP: 5.3.3-7+squeeze14

SET SQL_MODE="NO_AUTO_VALUE_ON_ZERO";
SET time_zone = "+00:00";


/*!40101 SET @OLD_CHARACTER_SET_CLIENT=@@CHARACTER_SET_CLIENT */;
/*!40101 SET @OLD_CHARACTER_SET_RESULTS=@@CHARACTER_SET_RESULTS */;
/*!40101 SET @OLD_COLLATION_CONNECTION=@@COLLATION_CONNECTION */;
/*!40101 SET NAMES utf8 */;

--
-- Βάση: `gleman_ie`
--

-- --------------------------------------------------------

--
-- Δομή πίνακα για τον πίνακα `config`
--

CREATE TABLE IF NOT EXISTS `config` (
  `id` int(11) NOT NULL AUTO_INCREMENT,
  `warning_message` text,
  `intro_message` text,
  `evaluation_period` int(1) NOT NULL,
  PRIMARY KEY (`id`)
) ENGINE=InnoDB  DEFAULT CHARSET=utf8 AUTO_INCREMENT=2 ;

--
-- Άδειασμα δεδομένων του πίνακα `config`
--

INSERT INTO `config` (`id`, `warning_message`, `intro_message`, `evaluation_period`) VALUES
(1, 'Παρακαλώ εισάγετε το όνομα χρήστη και κωδικό που έχετε στο studweb', 'Beta', 0);

-- --------------------------------------------------------

--
-- Δομή πίνακα για τον πίνακα `course`
--

CREATE TABLE IF NOT EXISTS `course` (
  `id` int(11) NOT NULL AUTO_INCREMENT,
  `name` text NOT NULL,
  `semester` int(11) NOT NULL,
  PRIMARY KEY (`id`),
  KEY `semester` (`semester`)
) ENGINE=InnoDB  DEFAULT CHARSET=utf8 AUTO_INCREMENT=58 ;

--
-- Άδειασμα δεδομένων του πίνακα `course`
--

INSERT INTO `course` (`id`, `name`, `semester`) VALUES
(1, 'Κοινωνία της Πληροφορίας', 1),
(2, 'Αλγόριθμοι κ Δομές Δεδομένων(Ε)', 2),
(3, 'Αλγόριθμοι κ Δομές Δεδομένων', 2),
(4, 'Δίκτυα Ι', 4),
(5, 'Προγραμματισμός Διαδικτύου', 8),
(6, 'Ενσωματωμένα τηλεπικοινωνιακά συστήματα υλικού/λογισμικού', 8),
(7, 'Εισαγωγή στην Πληροφορική', 1),
(8, 'Βασικές Αρχές Προγραμματισμού', 1),
(9, 'Βασικές Αρχές Προγραμματισμού(Ε)', 1),
(10, 'Λογική Σχεδίαση', 1),
(11, 'Λογική Σχεδίαση(Ε)', 1),
(12, 'Φυσική Ι', 1),
(13, 'Αγγλικά Ι', 1),
(14, 'Γραμμική Άλγεβρα', 1),
(15, 'Μαθηματικός Λογισμός Ι', 1),
(16, 'Ανάλυση Αλγορίθμων', 3),
(17, 'Τηλεπικοινωνιακά Ι', 3),
(18, 'Διαφορικές Εξισώσεις', 3),
(19, 'Αντικειμενοστραφής Προγραμματισμός', 3),
(20, 'Αντικειμενοστραφής Προγραμματισμός(Ε)', 3),
(21, 'Λειτουργικά Συστήματα', 3),
(22, 'Λειτουργικά Συστήματα(Ε)', 3),
(23, 'Αρχιτεκτονική Η/Υ', 3),
(24, 'Βελτιστοποίηση και Διαχείριση Επ. Πόρων', 7),
(25, 'Αρχές Δικαίου κ'' Νομοθεσία Τηλεπικοινωνιών', 7),
(26, 'Δίκτυα ΙΙ', 5),
(27, 'Δίκτυα ΙΙ(Ε)', 5),
(28, 'Μετάδοση κ'' Επεξεργασία Φωνής', 5),
(29, 'Μετάδοση κ'' Επεξεργασία Φωνής(Ε)', 5),
(30, 'Σχεδιασμός Πρωτοκόλλων Επικοινωνίας ', 5),
(31, 'Σχεδιασμός Πρωτοκόλλων Επικοινωνίας(Ε)', 5),
(32, 'Ανάλυση, Σχεδιασμός κ'' Υλοποίηση Τηλεπ. Συστημ.', 5),
(33, 'Ανάλυση, Σχεδιασμός κ'' Υλοποίηση Τηλεπ. Συστημ.(Ε)', 5),
(34, 'Κατανεμημένος Προγραμματισμός', 8),
(35, 'Κατανεμημένος Προγραμματισμός(Ε)', 8),
(36, 'Προγραμματισμός Διαδικτύου(Ε)', 8),
(37, 'Ενσωματωμένα τηλεπικοινωνιακά συστήματα υλικού/λογισμικού(Ε)', 8),
(38, 'Δίκτυα Υψηλών Ταχυτήτων', 8),
(39, 'Δίκτυα Υψηλών Ταχυτήτων(Ε)', 8),
(40, 'Προσομοίωση Δικτύων', 8),
(41, 'Προσομοίωση Δικτύων(Ε)', 8),
(42, 'Δίκτυα Αισθητήρων', 8),
(43, 'Δίκτυα Αισθητήρων(Ε)', 8),
(44, 'Μετάδοση κ'' Επεξεργασία Πολυμέσων', 8),
(45, 'Μετάδοση κ'' Επεξεργασία Πολυμέσων(Ε)', 8),
(46, 'Διαχείριση Δικτύων', 8),
(47, 'Διαχείριση Δικτύων(Ε)', 8),
(48, 'Ψηφιακή Τηλεόραση', 8),
(49, 'Ψηφιακή Τηλεόραση(Ε)', 8),
(50, 'Συστήματα Πραγματικού Χρόνου', 8),
(51, 'Συστήματα Πραγματικού Χρόνου(Ε)', 8),
(52, 'Σχεδιασμός Δικτύων', 8),
(53, 'Σχεδιασμός Δικτύων(Ε)', 8),
(54, 'Σχεδιασμός Συστημάτων Υλικού', 8),
(55, 'Σχεδιασμός Συστημάτων Υλικού(Ε)', 8),
(56, 'Ασύρματα Δίκτυα', 8),
(57, 'Ασύρματα Δίκτυα(Ε)', 8);

-- --------------------------------------------------------

--
-- Δομή πίνακα για τον πίνακα `course_professor`
--

CREATE TABLE IF NOT EXISTS `course_professor` (
  `id` int(11) NOT NULL AUTO_INCREMENT,
  `cid` int(11) NOT NULL,
  `pid` int(11) NOT NULL,
  PRIMARY KEY (`id`),
  KEY `cid` (`cid`),
  KEY `pid` (`pid`)
) ENGINE=InnoDB  DEFAULT CHARSET=utf8 AUTO_INCREMENT=93 ;

--
-- Άδειασμα δεδομένων του πίνακα `course_professor`
--

INSERT INTO `course_professor` (`id`, `cid`, `pid`) VALUES
(2, 2, 2),
(3, 2, 3),
(7, 3, 3),
(8, 5, 5),
(9, 6, 6),
(28, 54, 4),
(29, 55, 4),
(30, 38, 7),
(31, 39, 7),
(32, 35, 2),
(33, 34, 2),
(34, 8, 5),
(35, 9, 3),
(36, 12, 8),
(37, 1, 9),
(38, 9, 10),
(39, 11, 11),
(40, 11, 12),
(41, 7, 6),
(42, 10, 4),
(43, 14, 13),
(44, 15, 13),
(45, 18, 14),
(46, 23, 4),
(47, 17, 1),
(48, 37, 15),
(49, 21, 15),
(50, 19, 2),
(51, 20, 2),
(52, 20, 16),
(53, 16, 10),
(54, 22, 17),
(55, 22, 18),
(56, 28, 1),
(57, 29, 1),
(58, 29, 19),
(59, 44, 19),
(60, 45, 19),
(61, 26, 20),
(62, 42, 20),
(63, 27, 21),
(64, 41, 21),
(65, 27, 22),
(66, 32, 6),
(67, 30, 6),
(68, 33, 12),
(69, 31, 23),
(70, 33, 24),
(71, 31, 6),
(72, 24, 2),
(73, 25, 25),
(74, 57, 26),
(75, 47, 27),
(76, 46, 24),
(77, 40, 24),
(78, 47, 28),
(79, 36, 5),
(80, 36, 10),
(81, 52, 29),
(82, 53, 29),
(83, 53, 30),
(84, 50, 31),
(85, 51, 31),
(86, 48, 31),
(87, 49, 32),
(88, 43, 34),
(89, 56, 33),
(90, 41, 30),
(91, 13, 35),
(92, 22, 36);

-- --------------------------------------------------------

--
-- Δομή πίνακα για τον πίνακα `professor`
--

CREATE TABLE IF NOT EXISTS `professor` (
  `id` int(11) NOT NULL AUTO_INCREMENT,
  `name` varchar(255) NOT NULL,
  `surname` varchar(255) NOT NULL,
  PRIMARY KEY (`id`)
) ENGINE=InnoDB  DEFAULT CHARSET=utf8 AUTO_INCREMENT=37 ;

--
-- Άδειασμα δεδομένων του πίνακα `professor`
--

INSERT INTO `professor` (`id`, `name`, `surname`) VALUES
(1, 'Μιχάλης', 'Παρασκευάς'),
(2, 'Παναγιώτης', 'Αλεφραγκής'),
(3, 'Γεώργιος', 'Ασημακόπουλος'),
(4, 'Παρασκευάς', 'Κίτσος'),
(5, 'Σωτήρης', 'Χριστοδούλου'),
(6, 'Νικόλαος', 'Βώρος'),
(7, 'Σπυρίδων', 'Λούβρος'),
(8, 'Παντελής', 'Αποστολόπουλος'),
(9, 'Κωνσταντίνος', 'Βασιλείου'),
(10, 'Γεώργιος', 'Γούλας'),
(11, 'Δήμος', 'Ευθυμίου'),
(12, 'Παναγιώτα', 'Χαραλαμποπούλου'),
(13, 'Ιωάννης', 'Ντόκας'),
(14, 'Ευάγγελος', 'Χατζηγεωργίου'),
(15, 'Γεώργιος', 'Κεραμιδάς'),
(16, 'Χρήστος', 'Τρανώρης'),
(17, 'Εμμανουήλ', 'Γεωργουδάκης'),
(18, 'Νικόλαος', 'Βασιλόπουλος'),
(19, 'Αναστάσιος', 'Νταγιούκλας'),
(20, 'Βασίλειος', 'Τριανταφύλλου'),
(21, 'Παναγιώτης', 'Γαλιώτος'),
(22, 'Διονύσιος', 'Ανυφαντής'),
(23, 'Βασιλική', 'Μαράτου'),
(24, 'Χρήστος', 'Αντωνόπουλος'),
(25, 'Νικόλαος', 'Κρεμμύδας'),
(26, 'Ηλίας', 'Ασαρίδης'),
(27, 'Γεώργιος', 'Λεκατσάς'),
(28, 'Φίλιππος', 'Πουλαστίδης'),
(29, 'Ηλίας', 'Πολίτης'),
(30, 'Μιχάλης', 'Οικονομάκος'),
(31, 'Ευαγγελινός', 'Μαριάτος'),
(32, 'Βασίλειος', 'Τσακανίκας'),
(33, 'Φώτιος', 'Πλέσσας'),
(34, 'Δημήτριος', 'Αμπελιώτης'),
(35, 'Δήμητρα', 'Παπαγιαννοπούλου'),
(36, 'Ευπραξία', 'Πολιτοπούλου');

-- --------------------------------------------------------

--
-- Δομή πίνακα για τον πίνακα `question`
--

CREATE TABLE IF NOT EXISTS `question` (
  `id` int(11) NOT NULL AUTO_INCREMENT,
  `name` text NOT NULL,
  `multiple_choice` tinyint(1) NOT NULL,
  PRIMARY KEY (`id`)
) ENGINE=InnoDB  DEFAULT CHARSET=utf8 AUTO_INCREMENT=39 ;

--
-- Άδειασμα δεδομένων του πίνακα `question`
--

INSERT INTO `question` (`id`, `name`, `multiple_choice`) VALUES
(1, 'Οι στόχοι του μαθήματος ήταν σαφείς;', 1),
(2, 'Η ύλη που καλύφθηκε ανταποκρινόταν στους στόχους του μαθήματος;', 1),
(3, 'Η ύλη που διδάχθηκε ήταν καλά οργανωμένη;', 1),
(4, 'Το εκπαιδευτικό υλικό που χρησιμοποιήθηκε βοήθησε στην καλύτερη κατανόηση του θέματος;', 1),
(5, 'Τα εκπαιδευτικά βοηθήματα ("σύγγραμμα", σημειώσεις, πρόσθετη βιβλιογραφία) χορηγήθηκαν εγκαίρως;', 1),
(6, 'Πόσο ικανοποιητικό βρίσκετε το κύριο βιβλίο(α) ή τις σημειώσεις;', 1),
(7, 'Πόσο εύκολα διαθέσιμη είναι η βιβλιογραφία στην Πανεπιστημιακή Βιβλιοθήκη;', 1),
(8, 'Πόσο απαραίτητα κρίνετε τα προαπαιτούμενα του μαθήματος;', 1),
(9, 'Χρήση γνώσεων από / σύνδεση με άλλα μαθήματα.', 1),
(10, 'Πως κρίνετε το επίπεδο δυσκολίας του μαθήματος για το έτος του;', 1),
(11, 'Χρησιμότητα ύπαρξης φροντιστηρίων.', 1),
(12, 'Αξιολόγηση ποιότητας φροντιστηρίων.', 1),
(13, 'Πως κρίνετε τον αριθμό Διδακτικών Μονάδων σε σχέση με τον φόρτο εργασίας;', 1),
(14, 'Διαφάνεια των κριτηρίων βαθμολόγησης.', 1),
(15, 'Το θέμα δόθηκε εγκαίρως;', 1),
(16, 'Η καταληκτική ημερομηνία για υποβολή ή παρουσίαση των εργασιών ήταν λογική;', 1),
(17, 'Υπήρχε σχετικό ερευνητικό υλικό στη βιβλιοθήκη;', 1),
(18, 'Υπήρχε καθοδήγηση από τον διδάσκοντα;', 1),
(19, 'Τα σχόλια του διδάσκοντος ήταν επικοδομητικά και αναλυτικά;', 1),
(20, 'Δόθηκε η δυνατότητα βελτίωσης της εργασίας;', 1),
(21, 'Η συγκεκριμένη εργασία σας βοήθησε να κατανοήσετε το συγκεκριμένο θέμα;', 1),
(22, 'Οργανώνει καλά την παρουσίαση της ύλης στα μαθήματα;', 1),
(23, 'Επιτυγχάνει να διεγείρει το ενδιαφέρον για το αντικείμενο του μαθήματος;', 1),
(24, 'Αναλύει και παρουσιάζει τις έννοιες με τρόπο απλό και ενδιαφέροντα χρησιμοποιώντας παραδείγματα;', 1),
(25, 'Ενθαρρύνει τους φοιτητές να διατυπώνουν απορίες και ερωτήσεις και για να αναπτύξουν την κρίση τους;', 1),
(26, 'Ήταν συνεπής στις υποχρεώσεις του/της (παρουσία στα μαθήματα, έγκαιρη διόρθωση εργασιών ή εργαστηριακών αναφορών, ώρες συνεργασίας με τους φοιτητές);', 1),
(27, 'Είναι γενικά προσιτός στους φοιτητές;', 1),
(28, 'Πως κρίνετε τη συμβολή του στην καλύτερη κατανόηση της ύλης;', 1),
(29, 'Πως κρίνετε το επίπεδο δυσκολίας του εργαστηρίου για το έτος;', 1),
(30, 'Είναι επαρκείς οι σημειώσεις ως προς τις εργαστηρικές ασκήσεις;', 1),
(31, 'Εξηγούνται καλά οι βασικές αρχές των πειραμάτων / ασκήσεων;', 1),
(32, 'Είναι επαρκής ο εξοπλισμός του εργαστηρίου;', 1),
(33, 'Παρακολουθώ τακτικά τις διαλέξεις.', 1),
(34, 'Παρακολουθώ τακτικά τα εργαστήρια.', 1),
(35, 'Ανταποκρίνομαι συστηματικά στις γραπτές εργασίες / ασκήσεις.', 1),
(36, 'Μελετώ συστηματικά την ύλη.', 1),
(37, 'Αφιερώνω εβδομαδιαία για μελέτη του συγκεκριμένου μαθήματος:  1= <2 ''Ωρες, 2= 2-4 ''Ωρες, 3= 4-6  Ώρες, 4= 6-8  Ώρες, 5= >8 Ώρες', 1),
(38, 'Παρατηρήσεις και σχόλια:', 0);

-- --------------------------------------------------------

--
-- Δομή πίνακα για τον πίνακα `result`
--

CREATE TABLE IF NOT EXISTS `result` (
  `id` int(11) NOT NULL AUTO_INCREMENT,
  `cid` int(11) NOT NULL,
  `pid` int(11) NOT NULL,
  `qid` int(11) NOT NULL,
  `ans1` int(11) DEFAULT '0',
  `ans2` int(11) DEFAULT '0',
  `ans3` int(11) DEFAULT '0',
  `ans4` int(11) DEFAULT '0',
  `ans5` int(11) DEFAULT '0',
  PRIMARY KEY (`id`),
  KEY `cid` (`cid`),
  KEY `pid` (`pid`),
  KEY `qid` (`qid`)
) ENGINE=InnoDB  DEFAULT CHARSET=utf8 AUTO_INCREMENT=3331 ;

--
-- Άδειασμα δεδομένων του πίνακα `result`
--

INSERT INTO `result` (`id`, `cid`, `pid`, `qid`, `ans1`, `ans2`, `ans3`, `ans4`, `ans5`) VALUES
(1, 1, 1, 1, 0, 0, 0, 0, 0),
(2, 2, 2, 1, 0, 0, 0, 0, 0),
(3, 2, 3, 1, 0, 0, 0, 0, 0),
(4, 1, 1, 2, 0, 0, 0, 0, 0),
(5, 2, 2, 2, 0, 0, 0, 0, 0),
(6, 2, 3, 2, 0, 0, 0, 0, 0),
(7, 1, 1, 3, 0, 0, 0, 0, 0),
(8, 2, 2, 3, 0, 0, 0, 0, 0),
(9, 2, 3, 3, 0, 0, 0, 0, 0),
(10, 1, 1, 4, 0, 0, 0, 0, 0),
(11, 2, 2, 4, 0, 0, 0, 0, 0),
(12, 2, 3, 4, 0, 0, 0, 0, 0),
(13, 1, 1, 5, 0, 0, 0, 0, 0),
(14, 2, 2, 5, 0, 0, 0, 0, 0),
(15, 2, 3, 5, 0, 0, 0, 0, 0),
(16, 1, 1, 6, 0, 0, 0, 0, 0),
(17, 2, 2, 6, 0, 0, 0, 0, 0),
(18, 2, 3, 6, 0, 0, 0, 0, 0),
(19, 1, 1, 7, 0, 0, 0, 0, 0),
(20, 2, 2, 7, 0, 0, 0, 0, 0),
(21, 2, 3, 7, 0, 0, 0, 0, 0),
(22, 1, 1, 8, 0, 0, 0, 0, 0),
(23, 2, 2, 8, 0, 0, 0, 0, 0),
(24, 2, 3, 8, 0, 0, 0, 0, 0),
(25, 1, 1, 9, 0, 0, 0, 0, 0),
(26, 2, 2, 9, 0, 0, 0, 0, 0),
(27, 2, 3, 9, 0, 0, 0, 0, 0),
(28, 1, 1, 10, 0, 0, 0, 0, 0),
(29, 2, 2, 10, 0, 0, 0, 0, 0),
(30, 2, 3, 10, 0, 0, 0, 0, 0),
(31, 1, 1, 11, 0, 0, 0, 0, 0),
(32, 2, 2, 11, 0, 0, 0, 0, 0),
(33, 2, 3, 11, 0, 0, 0, 0, 0),
(34, 1, 1, 12, 0, 0, 0, 0, 0),
(35, 2, 2, 12, 0, 0, 0, 0, 0),
(36, 2, 3, 12, 0, 0, 0, 0, 0),
(37, 1, 1, 13, 0, 0, 0, 0, 0),
(38, 2, 2, 13, 0, 0, 0, 0, 0),
(39, 2, 3, 13, 0, 0, 0, 0, 0),
(40, 1, 1, 14, 0, 0, 0, 0, 0),
(41, 2, 2, 14, 0, 0, 0, 0, 0),
(42, 2, 3, 14, 0, 0, 0, 0, 0),
(43, 1, 1, 15, 0, 0, 0, 0, 0),
(44, 2, 2, 15, 0, 0, 0, 0, 0),
(45, 2, 3, 15, 0, 0, 0, 0, 0),
(46, 1, 1, 16, 0, 0, 0, 0, 0),
(47, 2, 2, 16, 0, 0, 0, 0, 0),
(48, 2, 3, 16, 0, 0, 0, 0, 0),
(49, 1, 1, 17, 0, 0, 0, 0, 0),
(50, 2, 2, 17, 0, 0, 0, 0, 0),
(51, 2, 3, 17, 0, 0, 0, 0, 0),
(52, 1, 1, 18, 0, 0, 0, 0, 0),
(53, 2, 2, 18, 0, 0, 0, 0, 0),
(54, 2, 3, 18, 0, 0, 0, 0, 0),
(55, 1, 1, 19, 0, 0, 0, 0, 0),
(56, 2, 2, 19, 0, 0, 0, 0, 0),
(57, 2, 3, 19, 0, 0, 0, 0, 0),
(58, 1, 1, 20, 0, 0, 0, 0, 0),
(59, 2, 2, 20, 0, 0, 0, 0, 0),
(60, 2, 3, 20, 0, 0, 0, 0, 0),
(61, 1, 1, 21, 0, 0, 0, 0, 0),
(62, 2, 2, 21, 0, 0, 0, 0, 0),
(63, 2, 3, 21, 0, 0, 0, 0, 0),
(64, 1, 1, 22, 0, 0, 0, 0, 0),
(65, 2, 2, 22, 0, 0, 0, 0, 0),
(66, 2, 3, 22, 0, 0, 0, 0, 0),
(67, 1, 1, 23, 0, 0, 0, 0, 0),
(68, 2, 2, 23, 0, 0, 0, 0, 0),
(69, 2, 3, 23, 0, 0, 0, 0, 0),
(70, 1, 1, 24, 0, 0, 0, 0, 0),
(71, 2, 2, 24, 0, 0, 0, 0, 0),
(72, 2, 3, 24, 0, 0, 0, 0, 0),
(73, 1, 1, 25, 0, 0, 0, 0, 0),
(74, 2, 2, 25, 0, 0, 0, 0, 0),
(75, 2, 3, 25, 0, 0, 0, 0, 0),
(76, 1, 1, 26, 0, 0, 0, 0, 0),
(77, 2, 2, 26, 0, 0, 0, 0, 0),
(78, 2, 3, 26, 0, 0, 0, 0, 0),
(79, 1, 1, 27, 0, 0, 0, 0, 0),
(80, 2, 2, 27, 0, 0, 0, 0, 0),
(81, 2, 3, 27, 0, 0, 0, 0, 0),
(82, 1, 1, 28, 0, 0, 0, 0, 0),
(83, 2, 2, 28, 0, 0, 0, 0, 0),
(84, 2, 3, 28, 0, 0, 0, 0, 0),
(85, 1, 1, 29, 0, 0, 0, 0, 0),
(86, 2, 2, 29, 0, 0, 0, 0, 0),
(87, 2, 3, 29, 0, 0, 0, 0, 0),
(88, 1, 1, 30, 0, 0, 0, 0, 0),
(89, 2, 2, 30, 0, 0, 0, 0, 0),
(90, 2, 3, 30, 0, 0, 0, 0, 0),
(91, 1, 1, 31, 0, 0, 0, 0, 0),
(92, 2, 2, 31, 0, 0, 0, 0, 0),
(93, 2, 3, 31, 0, 0, 0, 0, 0),
(94, 1, 1, 32, 0, 0, 0, 0, 0),
(95, 2, 2, 32, 0, 0, 0, 0, 0),
(96, 2, 3, 32, 0, 0, 0, 0, 0),
(97, 1, 1, 33, 0, 0, 0, 0, 0),
(98, 2, 2, 33, 0, 0, 0, 0, 0),
(99, 2, 3, 33, 0, 0, 0, 0, 0),
(100, 1, 1, 34, 0, 0, 0, 0, 0),
(101, 2, 2, 34, 0, 0, 0, 0, 0),
(102, 2, 3, 34, 0, 0, 0, 0, 0),
(103, 1, 1, 35, 0, 0, 0, 0, 0),
(104, 2, 2, 35, 0, 0, 0, 0, 0),
(105, 2, 3, 35, 0, 0, 0, 0, 0),
(106, 1, 1, 36, 0, 0, 0, 0, 0),
(107, 2, 2, 36, 0, 0, 0, 0, 0),
(108, 2, 3, 36, 0, 0, 0, 0, 0),
(109, 1, 1, 37, 0, 0, 0, 0, 0),
(110, 2, 2, 37, 0, 0, 0, 0, 0),
(111, 2, 3, 37, 0, 0, 0, 0, 0),
(149, 3, 3, 1, 0, 0, 0, 0, 0),
(150, 3, 3, 2, 0, 0, 0, 0, 0),
(151, 3, 3, 3, 0, 0, 0, 0, 0),
(152, 3, 3, 4, 0, 0, 0, 0, 0),
(153, 3, 3, 5, 0, 0, 0, 0, 0),
(154, 3, 3, 6, 0, 0, 0, 0, 0),
(155, 3, 3, 7, 0, 0, 0, 0, 0),
(156, 3, 3, 8, 0, 0, 0, 0, 0),
(157, 3, 3, 9, 0, 0, 0, 0, 0),
(158, 3, 3, 10, 0, 0, 0, 0, 0),
(159, 3, 3, 11, 0, 0, 0, 0, 0),
(160, 3, 3, 12, 0, 0, 0, 0, 0),
(161, 3, 3, 13, 0, 0, 0, 0, 0),
(162, 3, 3, 14, 0, 0, 0, 0, 0),
(163, 3, 3, 15, 0, 0, 0, 0, 0),
(164, 3, 3, 16, 0, 0, 0, 0, 0),
(165, 3, 3, 17, 0, 0, 0, 0, 0),
(166, 3, 3, 18, 0, 0, 0, 0, 0),
(167, 3, 3, 19, 0, 0, 0, 0, 0),
(168, 3, 3, 20, 0, 0, 0, 0, 0),
(169, 3, 3, 21, 0, 0, 0, 0, 0),
(170, 3, 3, 22, 0, 0, 0, 0, 0),
(171, 3, 3, 23, 0, 0, 0, 0, 0),
(172, 3, 3, 24, 0, 0, 0, 0, 0),
(173, 3, 3, 25, 0, 0, 0, 0, 0),
(174, 3, 3, 26, 0, 0, 0, 0, 0),
(175, 3, 3, 27, 0, 0, 0, 0, 0),
(176, 3, 3, 28, 0, 0, 0, 0, 0),
(177, 3, 3, 29, 0, 0, 0, 0, 0),
(178, 3, 3, 30, 0, 0, 0, 0, 0),
(179, 3, 3, 31, 0, 0, 0, 0, 0),
(180, 3, 3, 32, 0, 0, 0, 0, 0),
(181, 3, 3, 33, 0, 0, 0, 0, 0),
(182, 3, 3, 34, 0, 0, 0, 0, 0),
(183, 3, 3, 35, 0, 0, 0, 0, 0),
(184, 3, 3, 36, 0, 0, 0, 0, 0),
(185, 3, 3, 37, 0, 0, 0, 0, 0),
(186, 5, 5, 1, 0, 0, 0, 0, 0),
(187, 5, 5, 2, 0, 0, 0, 0, 0),
(188, 5, 5, 3, 0, 0, 0, 0, 0),
(189, 5, 5, 4, 0, 0, 0, 0, 0),
(190, 5, 5, 5, 0, 0, 0, 0, 0),
(191, 5, 5, 6, 0, 0, 0, 0, 0),
(192, 5, 5, 7, 0, 0, 0, 0, 0),
(193, 5, 5, 8, 0, 0, 0, 0, 0),
(194, 5, 5, 9, 0, 0, 0, 0, 0),
(195, 5, 5, 10, 0, 0, 0, 0, 0),
(196, 5, 5, 11, 0, 0, 0, 0, 0),
(197, 5, 5, 12, 0, 0, 0, 0, 0),
(198, 5, 5, 13, 0, 0, 0, 0, 0),
(199, 5, 5, 14, 0, 0, 0, 0, 0),
(200, 5, 5, 15, 0, 0, 0, 0, 0),
(201, 5, 5, 16, 0, 0, 0, 0, 0),
(202, 5, 5, 17, 0, 0, 0, 0, 0),
(203, 5, 5, 18, 0, 0, 0, 0, 0),
(204, 5, 5, 19, 0, 0, 0, 0, 0),
(205, 5, 5, 20, 0, 0, 0, 0, 0),
(206, 5, 5, 21, 0, 0, 0, 0, 0),
(207, 5, 5, 22, 0, 0, 0, 0, 0),
(208, 5, 5, 23, 0, 0, 0, 0, 0),
(209, 5, 5, 24, 0, 0, 0, 0, 0),
(210, 5, 5, 25, 0, 0, 0, 0, 0),
(211, 5, 5, 26, 0, 0, 0, 0, 0),
(212, 5, 5, 27, 0, 0, 0, 0, 0),
(213, 5, 5, 28, 0, 0, 0, 0, 0),
(214, 5, 5, 29, 0, 0, 0, 0, 0),
(215, 5, 5, 30, 0, 0, 0, 0, 0),
(216, 5, 5, 31, 0, 0, 0, 0, 0),
(217, 5, 5, 32, 0, 0, 0, 0, 0),
(218, 5, 5, 33, 0, 0, 0, 0, 0),
(219, 5, 5, 34, 0, 0, 0, 0, 0),
(220, 5, 5, 35, 0, 0, 0, 0, 0),
(221, 5, 5, 36, 0, 0, 0, 0, 0),
(222, 5, 5, 37, 0, 0, 0, 0, 0),
(223, 6, 6, 1, 0, 0, 0, 0, 0),
(224, 6, 6, 2, 0, 0, 0, 0, 0),
(225, 6, 6, 3, 0, 0, 0, 0, 0),
(226, 6, 6, 4, 0, 0, 0, 0, 0),
(227, 6, 6, 5, 0, 0, 0, 0, 0),
(228, 6, 6, 6, 0, 0, 0, 0, 0),
(229, 6, 6, 7, 0, 0, 0, 0, 0),
(230, 6, 6, 8, 0, 0, 0, 0, 0),
(231, 6, 6, 9, 0, 0, 0, 0, 0),
(232, 6, 6, 10, 0, 0, 0, 0, 0),
(233, 6, 6, 11, 0, 0, 0, 0, 0),
(234, 6, 6, 12, 0, 0, 0, 0, 0),
(235, 6, 6, 13, 0, 0, 0, 0, 0),
(236, 6, 6, 14, 0, 0, 0, 0, 0),
(237, 6, 6, 15, 0, 0, 0, 0, 0),
(238, 6, 6, 16, 0, 0, 0, 0, 0),
(239, 6, 6, 17, 0, 0, 0, 0, 0),
(240, 6, 6, 18, 0, 0, 0, 0, 0),
(241, 6, 6, 19, 0, 0, 0, 0, 0),
(242, 6, 6, 20, 0, 0, 0, 0, 0),
(243, 6, 6, 21, 0, 0, 0, 0, 0),
(244, 6, 6, 22, 0, 0, 0, 0, 0),
(245, 6, 6, 23, 0, 0, 0, 0, 0),
(246, 6, 6, 24, 0, 0, 0, 0, 0),
(247, 6, 6, 25, 0, 0, 0, 0, 0),
(248, 6, 6, 26, 0, 0, 0, 0, 0),
(249, 6, 6, 27, 0, 0, 0, 0, 0),
(250, 6, 6, 28, 0, 0, 0, 0, 0),
(251, 6, 6, 29, 0, 0, 0, 0, 0),
(252, 6, 6, 30, 0, 0, 0, 0, 0),
(253, 6, 6, 31, 0, 0, 0, 0, 0),
(254, 6, 6, 32, 0, 0, 0, 0, 0),
(255, 6, 6, 33, 0, 0, 0, 0, 0),
(256, 6, 6, 34, 0, 0, 0, 0, 0),
(257, 6, 6, 35, 0, 0, 0, 0, 0),
(258, 6, 6, 36, 0, 0, 0, 0, 0),
(259, 6, 6, 37, 0, 0, 0, 0, 0),
(260, 6, 4, 1, 0, 0, 0, 0, 0),
(261, 6, 4, 2, 0, 0, 0, 0, 0),
(262, 6, 4, 3, 0, 0, 0, 0, 0),
(263, 6, 4, 4, 0, 0, 0, 0, 0),
(264, 6, 4, 5, 0, 0, 0, 0, 0),
(265, 6, 4, 6, 0, 0, 0, 0, 0),
(266, 6, 4, 7, 0, 0, 0, 0, 0),
(267, 6, 4, 8, 0, 0, 0, 0, 0),
(268, 6, 4, 9, 0, 0, 0, 0, 0),
(269, 6, 4, 10, 0, 0, 0, 0, 0),
(270, 6, 4, 11, 0, 0, 0, 0, 0),
(271, 6, 4, 12, 0, 0, 0, 0, 0),
(272, 6, 4, 13, 0, 0, 0, 0, 0),
(273, 6, 4, 14, 0, 0, 0, 0, 0),
(274, 6, 4, 15, 0, 0, 0, 0, 0),
(275, 6, 4, 16, 0, 0, 0, 0, 0),
(276, 6, 4, 17, 0, 0, 0, 0, 0),
(277, 6, 4, 18, 0, 0, 0, 0, 0),
(278, 6, 4, 19, 0, 0, 0, 0, 0),
(279, 6, 4, 20, 0, 0, 0, 0, 0),
(280, 6, 4, 21, 0, 0, 0, 0, 0),
(281, 6, 4, 22, 0, 0, 0, 0, 0),
(282, 6, 4, 23, 0, 0, 0, 0, 0),
(283, 6, 4, 24, 0, 0, 0, 0, 0),
(284, 6, 4, 25, 0, 0, 0, 0, 0),
(285, 6, 4, 26, 0, 0, 0, 0, 0),
(286, 6, 4, 27, 0, 0, 0, 0, 0),
(287, 6, 4, 28, 0, 0, 0, 0, 0),
(288, 6, 4, 29, 0, 0, 0, 0, 0),
(289, 6, 4, 30, 0, 0, 0, 0, 0),
(290, 6, 4, 31, 0, 0, 0, 0, 0),
(291, 6, 4, 32, 0, 0, 0, 0, 0),
(292, 6, 4, 33, 0, 0, 0, 0, 0),
(293, 6, 4, 34, 0, 0, 0, 0, 0),
(294, 6, 4, 35, 0, 0, 0, 0, 0),
(295, 6, 4, 36, 0, 0, 0, 0, 0),
(296, 6, 4, 37, 0, 0, 0, 0, 0),
(297, 6, 2, 1, 0, 0, 0, 0, 0),
(298, 6, 2, 2, 0, 0, 0, 0, 0),
(299, 6, 2, 3, 0, 0, 0, 0, 0),
(300, 6, 2, 4, 0, 0, 0, 0, 0),
(301, 6, 2, 5, 0, 0, 0, 0, 0),
(302, 6, 2, 6, 0, 0, 0, 0, 0),
(303, 6, 2, 7, 0, 0, 0, 0, 0),
(304, 6, 2, 8, 0, 0, 0, 0, 0),
(305, 6, 2, 9, 0, 0, 0, 0, 0),
(306, 6, 2, 10, 0, 0, 0, 0, 0),
(307, 6, 2, 11, 0, 0, 0, 0, 0),
(308, 6, 2, 12, 0, 0, 0, 0, 0),
(309, 6, 2, 13, 0, 0, 0, 0, 0),
(310, 6, 2, 14, 0, 0, 0, 0, 0),
(311, 6, 2, 15, 0, 0, 0, 0, 0),
(312, 6, 2, 16, 0, 0, 0, 0, 0),
(313, 6, 2, 17, 0, 0, 0, 0, 0),
(314, 6, 2, 18, 0, 0, 0, 0, 0),
(315, 6, 2, 19, 0, 0, 0, 0, 0),
(316, 6, 2, 20, 0, 0, 0, 0, 0),
(317, 6, 2, 21, 0, 0, 0, 0, 0),
(318, 6, 2, 22, 0, 0, 0, 0, 0),
(319, 6, 2, 23, 0, 0, 0, 0, 0),
(320, 6, 2, 24, 0, 0, 0, 0, 0),
(321, 6, 2, 25, 0, 0, 0, 0, 0),
(322, 6, 2, 26, 0, 0, 0, 0, 0),
(323, 6, 2, 27, 0, 0, 0, 0, 0),
(324, 6, 2, 28, 0, 0, 0, 0, 0),
(325, 6, 2, 29, 0, 0, 0, 0, 0),
(326, 6, 2, 30, 0, 0, 0, 0, 0),
(327, 6, 2, 31, 0, 0, 0, 0, 0),
(328, 6, 2, 32, 0, 0, 0, 0, 0),
(329, 6, 2, 33, 0, 0, 0, 0, 0),
(330, 6, 2, 34, 0, 0, 0, 0, 0),
(331, 6, 2, 35, 0, 0, 0, 0, 0),
(332, 6, 2, 36, 0, 0, 0, 0, 0),
(333, 6, 2, 37, 0, 0, 0, 0, 0),
(334, 6, 4, 1, 0, 0, 0, 0, 0),
(335, 6, 4, 2, 0, 0, 0, 0, 0),
(336, 6, 4, 3, 0, 0, 0, 0, 0),
(337, 6, 4, 4, 0, 0, 0, 0, 0),
(338, 6, 4, 5, 0, 0, 0, 0, 0),
(339, 6, 4, 6, 0, 0, 0, 0, 0),
(340, 6, 4, 7, 0, 0, 0, 0, 0),
(341, 6, 4, 8, 0, 0, 0, 0, 0),
(342, 6, 4, 9, 0, 0, 0, 0, 0),
(343, 6, 4, 10, 0, 0, 0, 0, 0),
(344, 6, 4, 11, 0, 0, 0, 0, 0),
(345, 6, 4, 12, 0, 0, 0, 0, 0),
(346, 6, 4, 13, 0, 0, 0, 0, 0),
(347, 6, 4, 14, 0, 0, 0, 0, 0),
(348, 6, 4, 15, 0, 0, 0, 0, 0),
(349, 6, 4, 16, 0, 0, 0, 0, 0),
(350, 6, 4, 17, 0, 0, 0, 0, 0),
(351, 6, 4, 18, 0, 0, 0, 0, 0),
(352, 6, 4, 19, 0, 0, 0, 0, 0),
(353, 6, 4, 20, 0, 0, 0, 0, 0),
(354, 6, 4, 21, 0, 0, 0, 0, 0),
(355, 6, 4, 22, 0, 0, 0, 0, 0),
(356, 6, 4, 23, 0, 0, 0, 0, 0),
(357, 6, 4, 24, 0, 0, 0, 0, 0),
(358, 6, 4, 25, 0, 0, 0, 0, 0),
(359, 6, 4, 26, 0, 0, 0, 0, 0),
(360, 6, 4, 27, 0, 0, 0, 0, 0),
(361, 6, 4, 28, 0, 0, 0, 0, 0),
(362, 6, 4, 29, 0, 0, 0, 0, 0),
(363, 6, 4, 30, 0, 0, 0, 0, 0),
(364, 6, 4, 31, 0, 0, 0, 0, 0),
(365, 6, 4, 32, 0, 0, 0, 0, 0),
(366, 6, 4, 33, 0, 0, 0, 0, 0),
(367, 6, 4, 34, 0, 0, 0, 0, 0),
(368, 6, 4, 35, 0, 0, 0, 0, 0),
(369, 6, 4, 36, 0, 0, 0, 0, 0),
(370, 6, 4, 37, 0, 0, 0, 0, 0),
(371, 6, 2, 1, 0, 0, 0, 0, 0),
(372, 6, 2, 2, 0, 0, 0, 0, 0),
(373, 6, 2, 3, 0, 0, 0, 0, 0),
(374, 6, 2, 4, 0, 0, 0, 0, 0),
(375, 6, 2, 5, 0, 0, 0, 0, 0),
(376, 6, 2, 6, 0, 0, 0, 0, 0),
(377, 6, 2, 7, 0, 0, 0, 0, 0),
(378, 6, 2, 8, 0, 0, 0, 0, 0),
(379, 6, 2, 9, 0, 0, 0, 0, 0),
(380, 6, 2, 10, 0, 0, 0, 0, 0),
(381, 6, 2, 11, 0, 0, 0, 0, 0),
(382, 6, 2, 12, 0, 0, 0, 0, 0),
(383, 6, 2, 13, 0, 0, 0, 0, 0),
(384, 6, 2, 14, 0, 0, 0, 0, 0),
(385, 6, 2, 15, 0, 0, 0, 0, 0),
(386, 6, 2, 16, 0, 0, 0, 0, 0),
(387, 6, 2, 17, 0, 0, 0, 0, 0),
(388, 6, 2, 18, 0, 0, 0, 0, 0),
(389, 6, 2, 19, 0, 0, 0, 0, 0),
(390, 6, 2, 20, 0, 0, 0, 0, 0),
(391, 6, 2, 21, 0, 0, 0, 0, 0),
(392, 6, 2, 22, 0, 0, 0, 0, 0),
(393, 6, 2, 23, 0, 0, 0, 0, 0),
(394, 6, 2, 24, 0, 0, 0, 0, 0),
(395, 6, 2, 25, 0, 0, 0, 0, 0),
(396, 6, 2, 26, 0, 0, 0, 0, 0),
(397, 6, 2, 27, 0, 0, 0, 0, 0),
(398, 6, 2, 28, 0, 0, 0, 0, 0),
(399, 6, 2, 29, 0, 0, 0, 0, 0),
(400, 6, 2, 30, 0, 0, 0, 0, 0),
(401, 6, 2, 31, 0, 0, 0, 0, 0),
(402, 6, 2, 32, 0, 0, 0, 0, 0),
(403, 6, 2, 33, 0, 0, 0, 0, 0),
(404, 6, 2, 34, 0, 0, 0, 0, 0),
(405, 6, 2, 35, 0, 0, 0, 0, 0),
(406, 6, 2, 36, 0, 0, 0, 0, 0),
(407, 6, 2, 37, 0, 0, 0, 0, 0),
(408, 6, 4, 1, 0, 0, 0, 0, 0),
(409, 6, 4, 2, 0, 0, 0, 0, 0),
(410, 6, 4, 3, 0, 0, 0, 0, 0),
(411, 6, 4, 4, 0, 0, 0, 0, 0),
(412, 6, 4, 5, 0, 0, 0, 0, 0),
(413, 6, 4, 6, 0, 0, 0, 0, 0),
(414, 6, 4, 7, 0, 0, 0, 0, 0),
(415, 6, 4, 8, 0, 0, 0, 0, 0),
(416, 6, 4, 9, 0, 0, 0, 0, 0),
(417, 6, 4, 10, 0, 0, 0, 0, 0),
(418, 6, 4, 11, 0, 0, 0, 0, 0),
(419, 6, 4, 12, 0, 0, 0, 0, 0),
(420, 6, 4, 13, 0, 0, 0, 0, 0),
(421, 6, 4, 14, 0, 0, 0, 0, 0),
(422, 6, 4, 15, 0, 0, 0, 0, 0),
(423, 6, 4, 16, 0, 0, 0, 0, 0),
(424, 6, 4, 17, 0, 0, 0, 0, 0),
(425, 6, 4, 18, 0, 0, 0, 0, 0),
(426, 6, 4, 19, 0, 0, 0, 0, 0),
(427, 6, 4, 20, 0, 0, 0, 0, 0),
(428, 6, 4, 21, 0, 0, 0, 0, 0),
(429, 6, 4, 22, 0, 0, 0, 0, 0),
(430, 6, 4, 23, 0, 0, 0, 0, 0),
(431, 6, 4, 24, 0, 0, 0, 0, 0),
(432, 6, 4, 25, 0, 0, 0, 0, 0),
(433, 6, 4, 26, 0, 0, 0, 0, 0),
(434, 6, 4, 27, 0, 0, 0, 0, 0),
(435, 6, 4, 28, 0, 0, 0, 0, 0),
(436, 6, 4, 29, 0, 0, 0, 0, 0),
(437, 6, 4, 30, 0, 0, 0, 0, 0),
(438, 6, 4, 31, 0, 0, 0, 0, 0),
(439, 6, 4, 32, 0, 0, 0, 0, 0),
(440, 6, 4, 33, 0, 0, 0, 0, 0),
(441, 6, 4, 34, 0, 0, 0, 0, 0),
(442, 6, 4, 35, 0, 0, 0, 0, 0),
(443, 6, 4, 36, 0, 0, 0, 0, 0),
(444, 6, 4, 37, 0, 0, 0, 0, 0),
(445, 6, 2, 1, 0, 0, 0, 0, 0),
(446, 6, 2, 2, 0, 0, 0, 0, 0),
(447, 6, 2, 3, 0, 0, 0, 0, 0),
(448, 6, 2, 4, 0, 0, 0, 0, 0),
(449, 6, 2, 5, 0, 0, 0, 0, 0),
(450, 6, 2, 6, 0, 0, 0, 0, 0),
(451, 6, 2, 7, 0, 0, 0, 0, 0),
(452, 6, 2, 8, 0, 0, 0, 0, 0),
(453, 6, 2, 9, 0, 0, 0, 0, 0),
(454, 6, 2, 10, 0, 0, 0, 0, 0),
(455, 6, 2, 11, 0, 0, 0, 0, 0),
(456, 6, 2, 12, 0, 0, 0, 0, 0),
(457, 6, 2, 13, 0, 0, 0, 0, 0),
(458, 6, 2, 14, 0, 0, 0, 0, 0),
(459, 6, 2, 15, 0, 0, 0, 0, 0),
(460, 6, 2, 16, 0, 0, 0, 0, 0),
(461, 6, 2, 17, 0, 0, 0, 0, 0),
(462, 6, 2, 18, 0, 0, 0, 0, 0),
(463, 6, 2, 19, 0, 0, 0, 0, 0),
(464, 6, 2, 20, 0, 0, 0, 0, 0),
(465, 6, 2, 21, 0, 0, 0, 0, 0),
(466, 6, 2, 22, 0, 0, 0, 0, 0),
(467, 6, 2, 23, 0, 0, 0, 0, 0),
(468, 6, 2, 24, 0, 0, 0, 0, 0),
(469, 6, 2, 25, 0, 0, 0, 0, 0),
(470, 6, 2, 26, 0, 0, 0, 0, 0),
(471, 6, 2, 27, 0, 0, 0, 0, 0),
(472, 6, 2, 28, 0, 0, 0, 0, 0),
(473, 6, 2, 29, 0, 0, 0, 0, 0),
(474, 6, 2, 30, 0, 0, 0, 0, 0),
(475, 6, 2, 31, 0, 0, 0, 0, 0),
(476, 6, 2, 32, 0, 0, 0, 0, 0),
(477, 6, 2, 33, 0, 0, 0, 0, 0),
(478, 6, 2, 34, 0, 0, 0, 0, 0),
(479, 6, 2, 35, 0, 0, 0, 0, 0),
(480, 6, 2, 36, 0, 0, 0, 0, 0),
(481, 6, 2, 37, 0, 0, 0, 0, 0),
(482, 6, 1, 1, 0, 0, 0, 0, 0),
(483, 6, 1, 2, 0, 0, 0, 0, 0),
(484, 6, 1, 3, 0, 0, 0, 0, 0),
(485, 6, 1, 4, 0, 0, 0, 0, 0),
(486, 6, 1, 5, 0, 0, 0, 0, 0),
(487, 6, 1, 6, 0, 0, 0, 0, 0),
(488, 6, 1, 7, 0, 0, 0, 0, 0),
(489, 6, 1, 8, 0, 0, 0, 0, 0),
(490, 6, 1, 9, 0, 0, 0, 0, 0),
(491, 6, 1, 10, 0, 0, 0, 0, 0),
(492, 6, 1, 11, 0, 0, 0, 0, 0),
(493, 6, 1, 12, 0, 0, 0, 0, 0),
(494, 6, 1, 13, 0, 0, 0, 0, 0),
(495, 6, 1, 14, 0, 0, 0, 0, 0),
(496, 6, 1, 15, 0, 0, 0, 0, 0),
(497, 6, 1, 16, 0, 0, 0, 0, 0),
(498, 6, 1, 17, 0, 0, 0, 0, 0),
(499, 6, 1, 18, 0, 0, 0, 0, 0),
(500, 6, 1, 19, 0, 0, 0, 0, 0),
(501, 6, 1, 20, 0, 0, 0, 0, 0),
(502, 6, 1, 21, 0, 0, 0, 0, 0),
(503, 6, 1, 22, 0, 0, 0, 0, 0),
(504, 6, 1, 23, 0, 0, 0, 0, 0),
(505, 6, 1, 24, 0, 0, 0, 0, 0),
(506, 6, 1, 25, 0, 0, 0, 0, 0),
(507, 6, 1, 26, 0, 0, 0, 0, 0),
(508, 6, 1, 27, 0, 0, 0, 0, 0),
(509, 6, 1, 28, 0, 0, 0, 0, 0),
(510, 6, 1, 29, 0, 0, 0, 0, 0),
(511, 6, 1, 30, 0, 0, 0, 0, 0),
(512, 6, 1, 31, 0, 0, 0, 0, 0),
(513, 6, 1, 32, 0, 0, 0, 0, 0),
(514, 6, 1, 33, 0, 0, 0, 0, 0),
(515, 6, 1, 34, 0, 0, 0, 0, 0),
(516, 6, 1, 35, 0, 0, 0, 0, 0),
(517, 6, 1, 36, 0, 0, 0, 0, 0),
(518, 6, 1, 37, 0, 0, 0, 0, 0),
(519, 6, 3, 1, 0, 0, 0, 0, 0),
(520, 6, 3, 2, 0, 0, 0, 0, 0),
(521, 6, 3, 3, 0, 0, 0, 0, 0),
(522, 6, 3, 4, 0, 0, 0, 0, 0),
(523, 6, 3, 5, 0, 0, 0, 0, 0),
(524, 6, 3, 6, 0, 0, 0, 0, 0),
(525, 6, 3, 7, 0, 0, 0, 0, 0),
(526, 6, 3, 8, 0, 0, 0, 0, 0),
(527, 6, 3, 9, 0, 0, 0, 0, 0),
(528, 6, 3, 10, 0, 0, 0, 0, 0),
(529, 6, 3, 11, 0, 0, 0, 0, 0),
(530, 6, 3, 12, 0, 0, 0, 0, 0),
(531, 6, 3, 13, 0, 0, 0, 0, 0),
(532, 6, 3, 14, 0, 0, 0, 0, 0),
(533, 6, 3, 15, 0, 0, 0, 0, 0),
(534, 6, 3, 16, 0, 0, 0, 0, 0),
(535, 6, 3, 17, 0, 0, 0, 0, 0),
(536, 6, 3, 18, 0, 0, 0, 0, 0),
(537, 6, 3, 19, 0, 0, 0, 0, 0),
(538, 6, 3, 20, 0, 0, 0, 0, 0),
(539, 6, 3, 21, 0, 0, 0, 0, 0),
(540, 6, 3, 22, 0, 0, 0, 0, 0),
(541, 6, 3, 23, 0, 0, 0, 0, 0),
(542, 6, 3, 24, 0, 0, 0, 0, 0),
(543, 6, 3, 25, 0, 0, 0, 0, 0),
(544, 6, 3, 26, 0, 0, 0, 0, 0),
(545, 6, 3, 27, 0, 0, 0, 0, 0),
(546, 6, 3, 28, 0, 0, 0, 0, 0),
(547, 6, 3, 29, 0, 0, 0, 0, 0),
(548, 6, 3, 30, 0, 0, 0, 0, 0),
(549, 6, 3, 31, 0, 0, 0, 0, 0),
(550, 6, 3, 32, 0, 0, 0, 0, 0),
(551, 6, 3, 33, 0, 0, 0, 0, 0),
(552, 6, 3, 34, 0, 0, 0, 0, 0),
(553, 6, 3, 35, 0, 0, 0, 0, 0),
(554, 6, 3, 36, 0, 0, 0, 0, 0),
(555, 6, 3, 37, 0, 0, 0, 0, 0),
(556, 6, 4, 1, 0, 0, 0, 0, 0),
(557, 6, 4, 2, 0, 0, 0, 0, 0),
(558, 6, 4, 3, 0, 0, 0, 0, 0),
(559, 6, 4, 4, 0, 0, 0, 0, 0),
(560, 6, 4, 5, 0, 0, 0, 0, 0),
(561, 6, 4, 6, 0, 0, 0, 0, 0),
(562, 6, 4, 7, 0, 0, 0, 0, 0),
(563, 6, 4, 8, 0, 0, 0, 0, 0),
(564, 6, 4, 9, 0, 0, 0, 0, 0),
(565, 6, 4, 10, 0, 0, 0, 0, 0),
(566, 6, 4, 11, 0, 0, 0, 0, 0),
(567, 6, 4, 12, 0, 0, 0, 0, 0),
(568, 6, 4, 13, 0, 0, 0, 0, 0),
(569, 6, 4, 14, 0, 0, 0, 0, 0),
(570, 6, 4, 15, 0, 0, 0, 0, 0),
(571, 6, 4, 16, 0, 0, 0, 0, 0),
(572, 6, 4, 17, 0, 0, 0, 0, 0),
(573, 6, 4, 18, 0, 0, 0, 0, 0),
(574, 6, 4, 19, 0, 0, 0, 0, 0),
(575, 6, 4, 20, 0, 0, 0, 0, 0),
(576, 6, 4, 21, 0, 0, 0, 0, 0),
(577, 6, 4, 22, 0, 0, 0, 0, 0),
(578, 6, 4, 23, 0, 0, 0, 0, 0),
(579, 6, 4, 24, 0, 0, 0, 0, 0),
(580, 6, 4, 25, 0, 0, 0, 0, 0),
(581, 6, 4, 26, 0, 0, 0, 0, 0),
(582, 6, 4, 27, 0, 0, 0, 0, 0),
(583, 6, 4, 28, 0, 0, 0, 0, 0),
(584, 6, 4, 29, 0, 0, 0, 0, 0),
(585, 6, 4, 30, 0, 0, 0, 0, 0),
(586, 6, 4, 31, 0, 0, 0, 0, 0),
(587, 6, 4, 32, 0, 0, 0, 0, 0),
(588, 6, 4, 33, 0, 0, 0, 0, 0),
(589, 6, 4, 34, 0, 0, 0, 0, 0),
(590, 6, 4, 35, 0, 0, 0, 0, 0),
(591, 6, 4, 36, 0, 0, 0, 0, 0),
(592, 6, 4, 37, 0, 0, 0, 0, 0),
(593, 6, 2, 1, 0, 0, 0, 0, 0),
(594, 6, 2, 2, 0, 0, 0, 0, 0),
(595, 6, 2, 3, 0, 0, 0, 0, 0),
(596, 6, 2, 4, 0, 0, 0, 0, 0),
(597, 6, 2, 5, 0, 0, 0, 0, 0),
(598, 6, 2, 6, 0, 0, 0, 0, 0),
(599, 6, 2, 7, 0, 0, 0, 0, 0),
(600, 6, 2, 8, 0, 0, 0, 0, 0),
(601, 6, 2, 9, 0, 0, 0, 0, 0),
(602, 6, 2, 10, 0, 0, 0, 0, 0),
(603, 6, 2, 11, 0, 0, 0, 0, 0),
(604, 6, 2, 12, 0, 0, 0, 0, 0),
(605, 6, 2, 13, 0, 0, 0, 0, 0),
(606, 6, 2, 14, 0, 0, 0, 0, 0),
(607, 6, 2, 15, 0, 0, 0, 0, 0),
(608, 6, 2, 16, 0, 0, 0, 0, 0),
(609, 6, 2, 17, 0, 0, 0, 0, 0),
(610, 6, 2, 18, 0, 0, 0, 0, 0),
(611, 6, 2, 19, 0, 0, 0, 0, 0),
(612, 6, 2, 20, 0, 0, 0, 0, 0),
(613, 6, 2, 21, 0, 0, 0, 0, 0),
(614, 6, 2, 22, 0, 0, 0, 0, 0),
(615, 6, 2, 23, 0, 0, 0, 0, 0),
(616, 6, 2, 24, 0, 0, 0, 0, 0),
(617, 6, 2, 25, 0, 0, 0, 0, 0),
(618, 6, 2, 26, 0, 0, 0, 0, 0),
(619, 6, 2, 27, 0, 0, 0, 0, 0),
(620, 6, 2, 28, 0, 0, 0, 0, 0),
(621, 6, 2, 29, 0, 0, 0, 0, 0),
(622, 6, 2, 30, 0, 0, 0, 0, 0),
(623, 6, 2, 31, 0, 0, 0, 0, 0),
(624, 6, 2, 32, 0, 0, 0, 0, 0),
(625, 6, 2, 33, 0, 0, 0, 0, 0),
(626, 6, 2, 34, 0, 0, 0, 0, 0),
(627, 6, 2, 35, 0, 0, 0, 0, 0),
(628, 6, 2, 36, 0, 0, 0, 0, 0),
(629, 6, 2, 37, 0, 0, 0, 0, 0),
(630, 6, 1, 1, 0, 0, 0, 0, 0),
(631, 6, 1, 2, 0, 0, 0, 0, 0),
(632, 6, 1, 3, 0, 0, 0, 0, 0),
(633, 6, 1, 4, 0, 0, 0, 0, 0),
(634, 6, 1, 5, 0, 0, 0, 0, 0),
(635, 6, 1, 6, 0, 0, 0, 0, 0),
(636, 6, 1, 7, 0, 0, 0, 0, 0),
(637, 6, 1, 8, 0, 0, 0, 0, 0),
(638, 6, 1, 9, 0, 0, 0, 0, 0),
(639, 6, 1, 10, 0, 0, 0, 0, 0),
(640, 6, 1, 11, 0, 0, 0, 0, 0),
(641, 6, 1, 12, 0, 0, 0, 0, 0),
(642, 6, 1, 13, 0, 0, 0, 0, 0),
(643, 6, 1, 14, 0, 0, 0, 0, 0),
(644, 6, 1, 15, 0, 0, 0, 0, 0),
(645, 6, 1, 16, 0, 0, 0, 0, 0),
(646, 6, 1, 17, 0, 0, 0, 0, 0),
(647, 6, 1, 18, 0, 0, 0, 0, 0),
(648, 6, 1, 19, 0, 0, 0, 0, 0),
(649, 6, 1, 20, 0, 0, 0, 0, 0),
(650, 6, 1, 21, 0, 0, 0, 0, 0),
(651, 6, 1, 22, 0, 0, 0, 0, 0),
(652, 6, 1, 23, 0, 0, 0, 0, 0),
(653, 6, 1, 24, 0, 0, 0, 0, 0),
(654, 6, 1, 25, 0, 0, 0, 0, 0),
(655, 6, 1, 26, 0, 0, 0, 0, 0),
(656, 6, 1, 27, 0, 0, 0, 0, 0),
(657, 6, 1, 28, 0, 0, 0, 0, 0),
(658, 6, 1, 29, 0, 0, 0, 0, 0),
(659, 6, 1, 30, 0, 0, 0, 0, 0),
(660, 6, 1, 31, 0, 0, 0, 0, 0),
(661, 6, 1, 32, 0, 0, 0, 0, 0),
(662, 6, 1, 33, 0, 0, 0, 0, 0),
(663, 6, 1, 34, 0, 0, 0, 0, 0),
(664, 6, 1, 35, 0, 0, 0, 0, 0),
(665, 6, 1, 36, 0, 0, 0, 0, 0),
(666, 6, 1, 37, 0, 0, 0, 0, 0),
(667, 6, 3, 1, 0, 0, 0, 0, 0),
(668, 6, 3, 2, 0, 0, 0, 0, 0),
(669, 6, 3, 3, 0, 0, 0, 0, 0),
(670, 6, 3, 4, 0, 0, 0, 0, 0),
(671, 6, 3, 5, 0, 0, 0, 0, 0),
(672, 6, 3, 6, 0, 0, 0, 0, 0),
(673, 6, 3, 7, 0, 0, 0, 0, 0),
(674, 6, 3, 8, 0, 0, 0, 0, 0),
(675, 6, 3, 9, 0, 0, 0, 0, 0),
(676, 6, 3, 10, 0, 0, 0, 0, 0),
(677, 6, 3, 11, 0, 0, 0, 0, 0),
(678, 6, 3, 12, 0, 0, 0, 0, 0),
(679, 6, 3, 13, 0, 0, 0, 0, 0),
(680, 6, 3, 14, 0, 0, 0, 0, 0),
(681, 6, 3, 15, 0, 0, 0, 0, 0),
(682, 6, 3, 16, 0, 0, 0, 0, 0),
(683, 6, 3, 17, 0, 0, 0, 0, 0),
(684, 6, 3, 18, 0, 0, 0, 0, 0),
(685, 6, 3, 19, 0, 0, 0, 0, 0),
(686, 6, 3, 20, 0, 0, 0, 0, 0),
(687, 6, 3, 21, 0, 0, 0, 0, 0),
(688, 6, 3, 22, 0, 0, 0, 0, 0),
(689, 6, 3, 23, 0, 0, 0, 0, 0),
(690, 6, 3, 24, 0, 0, 0, 0, 0),
(691, 6, 3, 25, 0, 0, 0, 0, 0),
(692, 6, 3, 26, 0, 0, 0, 0, 0),
(693, 6, 3, 27, 0, 0, 0, 0, 0),
(694, 6, 3, 28, 0, 0, 0, 0, 0),
(695, 6, 3, 29, 0, 0, 0, 0, 0),
(696, 6, 3, 30, 0, 0, 0, 0, 0),
(697, 6, 3, 31, 0, 0, 0, 0, 0),
(698, 6, 3, 32, 0, 0, 0, 0, 0),
(699, 6, 3, 33, 0, 0, 0, 0, 0),
(700, 6, 3, 34, 0, 0, 0, 0, 0),
(701, 6, 3, 35, 0, 0, 0, 0, 0),
(702, 6, 3, 36, 0, 0, 0, 0, 0),
(703, 6, 3, 37, 0, 0, 0, 0, 0),
(704, 6, 4, 1, 0, 0, 0, 0, 0),
(705, 6, 4, 2, 0, 0, 0, 0, 0),
(706, 6, 4, 3, 0, 0, 0, 0, 0),
(707, 6, 4, 4, 0, 0, 0, 0, 0),
(708, 6, 4, 5, 0, 0, 0, 0, 0),
(709, 6, 4, 6, 0, 0, 0, 0, 0),
(710, 6, 4, 7, 0, 0, 0, 0, 0),
(711, 6, 4, 8, 0, 0, 0, 0, 0),
(712, 6, 4, 9, 0, 0, 0, 0, 0),
(713, 6, 4, 10, 0, 0, 0, 0, 0),
(714, 6, 4, 11, 0, 0, 0, 0, 0),
(715, 6, 4, 12, 0, 0, 0, 0, 0),
(716, 6, 4, 13, 0, 0, 0, 0, 0),
(717, 6, 4, 14, 0, 0, 0, 0, 0),
(718, 6, 4, 15, 0, 0, 0, 0, 0),
(719, 6, 4, 16, 0, 0, 0, 0, 0),
(720, 6, 4, 17, 0, 0, 0, 0, 0),
(721, 6, 4, 18, 0, 0, 0, 0, 0),
(722, 6, 4, 19, 0, 0, 0, 0, 0),
(723, 6, 4, 20, 0, 0, 0, 0, 0),
(724, 6, 4, 21, 0, 0, 0, 0, 0),
(725, 6, 4, 22, 0, 0, 0, 0, 0),
(726, 6, 4, 23, 0, 0, 0, 0, 0),
(727, 6, 4, 24, 0, 0, 0, 0, 0),
(728, 6, 4, 25, 0, 0, 0, 0, 0),
(729, 6, 4, 26, 0, 0, 0, 0, 0),
(730, 6, 4, 27, 0, 0, 0, 0, 0),
(731, 6, 4, 28, 0, 0, 0, 0, 0),
(732, 6, 4, 29, 0, 0, 0, 0, 0),
(733, 6, 4, 30, 0, 0, 0, 0, 0),
(734, 6, 4, 31, 0, 0, 0, 0, 0),
(735, 6, 4, 32, 0, 0, 0, 0, 0),
(736, 6, 4, 33, 0, 0, 0, 0, 0),
(737, 6, 4, 34, 0, 0, 0, 0, 0),
(738, 6, 4, 35, 0, 0, 0, 0, 0),
(739, 6, 4, 36, 0, 0, 0, 0, 0),
(740, 6, 4, 37, 0, 0, 0, 0, 0),
(741, 6, 2, 1, 0, 0, 0, 0, 0),
(742, 6, 2, 2, 0, 0, 0, 0, 0),
(743, 6, 2, 3, 0, 0, 0, 0, 0),
(744, 6, 2, 4, 0, 0, 0, 0, 0),
(745, 6, 2, 5, 0, 0, 0, 0, 0),
(746, 6, 2, 6, 0, 0, 0, 0, 0),
(747, 6, 2, 7, 0, 0, 0, 0, 0),
(748, 6, 2, 8, 0, 0, 0, 0, 0),
(749, 6, 2, 9, 0, 0, 0, 0, 0),
(750, 6, 2, 10, 0, 0, 0, 0, 0),
(751, 6, 2, 11, 0, 0, 0, 0, 0),
(752, 6, 2, 12, 0, 0, 0, 0, 0),
(753, 6, 2, 13, 0, 0, 0, 0, 0),
(754, 6, 2, 14, 0, 0, 0, 0, 0),
(755, 6, 2, 15, 0, 0, 0, 0, 0),
(756, 6, 2, 16, 0, 0, 0, 0, 0),
(757, 6, 2, 17, 0, 0, 0, 0, 0),
(758, 6, 2, 18, 0, 0, 0, 0, 0),
(759, 6, 2, 19, 0, 0, 0, 0, 0),
(760, 6, 2, 20, 0, 0, 0, 0, 0),
(761, 6, 2, 21, 0, 0, 0, 0, 0),
(762, 6, 2, 22, 0, 0, 0, 0, 0),
(763, 6, 2, 23, 0, 0, 0, 0, 0),
(764, 6, 2, 24, 0, 0, 0, 0, 0),
(765, 6, 2, 25, 0, 0, 0, 0, 0),
(766, 6, 2, 26, 0, 0, 0, 0, 0),
(767, 6, 2, 27, 0, 0, 0, 0, 0),
(768, 6, 2, 28, 0, 0, 0, 0, 0),
(769, 6, 2, 29, 0, 0, 0, 0, 0),
(770, 6, 2, 30, 0, 0, 0, 0, 0),
(771, 6, 2, 31, 0, 0, 0, 0, 0),
(772, 6, 2, 32, 0, 0, 0, 0, 0),
(773, 6, 2, 33, 0, 0, 0, 0, 0),
(774, 6, 2, 34, 0, 0, 0, 0, 0),
(775, 6, 2, 35, 0, 0, 0, 0, 0),
(776, 6, 2, 36, 0, 0, 0, 0, 0),
(777, 6, 2, 37, 0, 0, 0, 0, 0),
(778, 6, 1, 1, 0, 0, 0, 0, 0),
(779, 6, 1, 2, 0, 0, 0, 0, 0),
(780, 6, 1, 3, 0, 0, 0, 0, 0),
(781, 6, 1, 4, 0, 0, 0, 0, 0),
(782, 6, 1, 5, 0, 0, 0, 0, 0),
(783, 6, 1, 6, 0, 0, 0, 0, 0),
(784, 6, 1, 7, 0, 0, 0, 0, 0),
(785, 6, 1, 8, 0, 0, 0, 0, 0),
(786, 6, 1, 9, 0, 0, 0, 0, 0),
(787, 6, 1, 10, 0, 0, 0, 0, 0),
(788, 6, 1, 11, 0, 0, 0, 0, 0),
(789, 6, 1, 12, 0, 0, 0, 0, 0),
(790, 6, 1, 13, 0, 0, 0, 0, 0),
(791, 6, 1, 14, 0, 0, 0, 0, 0),
(792, 6, 1, 15, 0, 0, 0, 0, 0),
(793, 6, 1, 16, 0, 0, 0, 0, 0),
(794, 6, 1, 17, 0, 0, 0, 0, 0),
(795, 6, 1, 18, 0, 0, 0, 0, 0),
(796, 6, 1, 19, 0, 0, 0, 0, 0),
(797, 6, 1, 20, 0, 0, 0, 0, 0),
(798, 6, 1, 21, 0, 0, 0, 0, 0),
(799, 6, 1, 22, 0, 0, 0, 0, 0),
(800, 6, 1, 23, 0, 0, 0, 0, 0),
(801, 6, 1, 24, 0, 0, 0, 0, 0),
(802, 6, 1, 25, 0, 0, 0, 0, 0),
(803, 6, 1, 26, 0, 0, 0, 0, 0),
(804, 6, 1, 27, 0, 0, 0, 0, 0),
(805, 6, 1, 28, 0, 0, 0, 0, 0),
(806, 6, 1, 29, 0, 0, 0, 0, 0),
(807, 6, 1, 30, 0, 0, 0, 0, 0),
(808, 6, 1, 31, 0, 0, 0, 0, 0),
(809, 6, 1, 32, 0, 0, 0, 0, 0),
(810, 6, 1, 33, 0, 0, 0, 0, 0),
(811, 6, 1, 34, 0, 0, 0, 0, 0),
(812, 6, 1, 35, 0, 0, 0, 0, 0),
(813, 6, 1, 36, 0, 0, 0, 0, 0),
(814, 6, 1, 37, 0, 0, 0, 0, 0),
(815, 6, 3, 1, 0, 0, 0, 0, 0),
(816, 6, 3, 2, 0, 0, 0, 0, 0),
(817, 6, 3, 3, 0, 0, 0, 0, 0),
(818, 6, 3, 4, 0, 0, 0, 0, 0),
(819, 6, 3, 5, 0, 0, 0, 0, 0),
(820, 6, 3, 6, 0, 0, 0, 0, 0),
(821, 6, 3, 7, 0, 0, 0, 0, 0),
(822, 6, 3, 8, 0, 0, 0, 0, 0),
(823, 6, 3, 9, 0, 0, 0, 0, 0),
(824, 6, 3, 10, 0, 0, 0, 0, 0),
(825, 6, 3, 11, 0, 0, 0, 0, 0),
(826, 6, 3, 12, 0, 0, 0, 0, 0),
(827, 6, 3, 13, 0, 0, 0, 0, 0),
(828, 6, 3, 14, 0, 0, 0, 0, 0),
(829, 6, 3, 15, 0, 0, 0, 0, 0),
(830, 6, 3, 16, 0, 0, 0, 0, 0),
(831, 6, 3, 17, 0, 0, 0, 0, 0),
(832, 6, 3, 18, 0, 0, 0, 0, 0),
(833, 6, 3, 19, 0, 0, 0, 0, 0),
(834, 6, 3, 20, 0, 0, 0, 0, 0),
(835, 6, 3, 21, 0, 0, 0, 0, 0),
(836, 6, 3, 22, 0, 0, 0, 0, 0),
(837, 6, 3, 23, 0, 0, 0, 0, 0),
(838, 6, 3, 24, 0, 0, 0, 0, 0),
(839, 6, 3, 25, 0, 0, 0, 0, 0),
(840, 6, 3, 26, 0, 0, 0, 0, 0),
(841, 6, 3, 27, 0, 0, 0, 0, 0),
(842, 6, 3, 28, 0, 0, 0, 0, 0),
(843, 6, 3, 29, 0, 0, 0, 0, 0),
(844, 6, 3, 30, 0, 0, 0, 0, 0),
(845, 6, 3, 31, 0, 0, 0, 0, 0),
(846, 6, 3, 32, 0, 0, 0, 0, 0),
(847, 6, 3, 33, 0, 0, 0, 0, 0),
(848, 6, 3, 34, 0, 0, 0, 0, 0),
(849, 6, 3, 35, 0, 0, 0, 0, 0),
(850, 6, 3, 36, 0, 0, 0, 0, 0),
(851, 6, 3, 37, 0, 0, 0, 0, 0),
(852, 6, 5, 1, 0, 0, 0, 0, 0),
(853, 6, 5, 2, 0, 0, 0, 0, 0),
(854, 6, 5, 3, 0, 0, 0, 0, 0),
(855, 6, 5, 4, 0, 0, 0, 0, 0),
(856, 6, 5, 5, 0, 0, 0, 0, 0),
(857, 6, 5, 6, 0, 0, 0, 0, 0),
(858, 6, 5, 7, 0, 0, 0, 0, 0),
(859, 6, 5, 8, 0, 0, 0, 0, 0),
(860, 6, 5, 9, 0, 0, 0, 0, 0),
(861, 6, 5, 10, 0, 0, 0, 0, 0),
(862, 6, 5, 11, 0, 0, 0, 0, 0),
(863, 6, 5, 12, 0, 0, 0, 0, 0),
(864, 6, 5, 13, 0, 0, 0, 0, 0),
(865, 6, 5, 14, 0, 0, 0, 0, 0),
(866, 6, 5, 15, 0, 0, 0, 0, 0),
(867, 6, 5, 16, 0, 0, 0, 0, 0),
(868, 6, 5, 17, 0, 0, 0, 0, 0),
(869, 6, 5, 18, 0, 0, 0, 0, 0),
(870, 6, 5, 19, 0, 0, 0, 0, 0),
(871, 6, 5, 20, 0, 0, 0, 0, 0),
(872, 6, 5, 21, 0, 0, 0, 0, 0),
(873, 6, 5, 22, 0, 0, 0, 0, 0),
(874, 6, 5, 23, 0, 0, 0, 0, 0),
(875, 6, 5, 24, 0, 0, 0, 0, 0),
(876, 6, 5, 25, 0, 0, 0, 0, 0),
(877, 6, 5, 26, 0, 0, 0, 0, 0),
(878, 6, 5, 27, 0, 0, 0, 0, 0),
(879, 6, 5, 28, 0, 0, 0, 0, 0),
(880, 6, 5, 29, 0, 0, 0, 0, 0),
(881, 6, 5, 30, 0, 0, 0, 0, 0),
(882, 6, 5, 31, 0, 0, 0, 0, 0),
(883, 6, 5, 32, 0, 0, 0, 0, 0),
(884, 6, 5, 33, 0, 0, 0, 0, 0),
(885, 6, 5, 34, 0, 0, 0, 0, 0),
(886, 6, 5, 35, 0, 0, 0, 0, 0),
(887, 6, 5, 36, 0, 0, 0, 0, 0),
(888, 6, 5, 37, 0, 0, 0, 0, 0),
(889, 6, 4, 1, 0, 0, 0, 0, 0),
(890, 6, 4, 2, 0, 0, 0, 0, 0),
(891, 6, 4, 3, 0, 0, 0, 0, 0),
(892, 6, 4, 4, 0, 0, 0, 0, 0),
(893, 6, 4, 5, 0, 0, 0, 0, 0),
(894, 6, 4, 6, 0, 0, 0, 0, 0),
(895, 6, 4, 7, 0, 0, 0, 0, 0),
(896, 6, 4, 8, 0, 0, 0, 0, 0),
(897, 6, 4, 9, 0, 0, 0, 0, 0),
(898, 6, 4, 10, 0, 0, 0, 0, 0),
(899, 6, 4, 11, 0, 0, 0, 0, 0),
(900, 6, 4, 12, 0, 0, 0, 0, 0),
(901, 6, 4, 13, 0, 0, 0, 0, 0),
(902, 6, 4, 14, 0, 0, 0, 0, 0),
(903, 6, 4, 15, 0, 0, 0, 0, 0),
(904, 6, 4, 16, 0, 0, 0, 0, 0),
(905, 6, 4, 17, 0, 0, 0, 0, 0),
(906, 6, 4, 18, 0, 0, 0, 0, 0),
(907, 6, 4, 19, 0, 0, 0, 0, 0),
(908, 6, 4, 20, 0, 0, 0, 0, 0),
(909, 6, 4, 21, 0, 0, 0, 0, 0),
(910, 6, 4, 22, 0, 0, 0, 0, 0),
(911, 6, 4, 23, 0, 0, 0, 0, 0),
(912, 6, 4, 24, 0, 0, 0, 0, 0),
(913, 6, 4, 25, 0, 0, 0, 0, 0),
(914, 6, 4, 26, 0, 0, 0, 0, 0),
(915, 6, 4, 27, 0, 0, 0, 0, 0),
(916, 6, 4, 28, 0, 0, 0, 0, 0),
(917, 6, 4, 29, 0, 0, 0, 0, 0),
(918, 6, 4, 30, 0, 0, 0, 0, 0),
(919, 6, 4, 31, 0, 0, 0, 0, 0),
(920, 6, 4, 32, 0, 0, 0, 0, 0),
(921, 6, 4, 33, 0, 0, 0, 0, 0),
(922, 6, 4, 34, 0, 0, 0, 0, 0),
(923, 6, 4, 35, 0, 0, 0, 0, 0),
(924, 6, 4, 36, 0, 0, 0, 0, 0),
(925, 6, 4, 37, 0, 0, 0, 0, 0),
(926, 54, 4, 1, 0, 0, 0, 0, 0),
(927, 54, 4, 2, 0, 0, 0, 0, 0),
(928, 54, 4, 3, 0, 0, 0, 0, 0),
(929, 54, 4, 4, 0, 0, 0, 0, 0),
(930, 54, 4, 5, 0, 0, 0, 0, 0),
(931, 54, 4, 6, 0, 0, 0, 0, 0),
(932, 54, 4, 7, 0, 0, 0, 0, 0),
(933, 54, 4, 8, 0, 0, 0, 0, 0),
(934, 54, 4, 9, 0, 0, 0, 0, 0),
(935, 54, 4, 10, 0, 0, 0, 0, 0),
(936, 54, 4, 11, 0, 0, 0, 0, 0),
(937, 54, 4, 12, 0, 0, 0, 0, 0),
(938, 54, 4, 13, 0, 0, 0, 0, 0),
(939, 54, 4, 14, 0, 0, 0, 0, 0),
(940, 54, 4, 15, 0, 0, 0, 0, 0),
(941, 54, 4, 16, 0, 0, 0, 0, 0),
(942, 54, 4, 17, 0, 0, 0, 0, 0),
(943, 54, 4, 18, 0, 0, 0, 0, 0),
(944, 54, 4, 19, 0, 0, 0, 0, 0),
(945, 54, 4, 20, 0, 0, 0, 0, 0),
(946, 54, 4, 21, 0, 0, 0, 0, 0),
(947, 54, 4, 22, 0, 0, 0, 0, 0),
(948, 54, 4, 23, 0, 0, 0, 0, 0),
(949, 54, 4, 24, 0, 0, 0, 0, 0),
(950, 54, 4, 25, 0, 0, 0, 0, 0),
(951, 54, 4, 26, 0, 0, 0, 0, 0),
(952, 54, 4, 27, 0, 0, 0, 0, 0),
(953, 54, 4, 28, 0, 0, 0, 0, 0),
(954, 54, 4, 29, 0, 0, 0, 0, 0),
(955, 54, 4, 30, 0, 0, 0, 0, 0),
(956, 54, 4, 31, 0, 0, 0, 0, 0),
(957, 54, 4, 32, 0, 0, 0, 0, 0),
(958, 54, 4, 33, 0, 0, 0, 0, 0),
(959, 54, 4, 34, 0, 0, 0, 0, 0),
(960, 54, 4, 35, 0, 0, 0, 0, 0),
(961, 54, 4, 36, 0, 0, 0, 0, 0),
(962, 54, 4, 37, 0, 0, 0, 0, 0),
(963, 55, 4, 1, 0, 0, 0, 0, 0),
(964, 55, 4, 2, 0, 0, 0, 0, 0),
(965, 55, 4, 3, 0, 0, 0, 0, 0),
(966, 55, 4, 4, 0, 0, 0, 0, 0),
(967, 55, 4, 5, 0, 0, 0, 0, 0),
(968, 55, 4, 6, 0, 0, 0, 0, 0),
(969, 55, 4, 7, 0, 0, 0, 0, 0),
(970, 55, 4, 8, 0, 0, 0, 0, 0),
(971, 55, 4, 9, 0, 0, 0, 0, 0),
(972, 55, 4, 10, 0, 0, 0, 0, 0),
(973, 55, 4, 11, 0, 0, 0, 0, 0),
(974, 55, 4, 12, 0, 0, 0, 0, 0),
(975, 55, 4, 13, 0, 0, 0, 0, 0),
(976, 55, 4, 14, 0, 0, 0, 0, 0),
(977, 55, 4, 15, 0, 0, 0, 0, 0),
(978, 55, 4, 16, 0, 0, 0, 0, 0),
(979, 55, 4, 17, 0, 0, 0, 0, 0),
(980, 55, 4, 18, 0, 0, 0, 0, 0),
(981, 55, 4, 19, 0, 0, 0, 0, 0),
(982, 55, 4, 20, 0, 0, 0, 0, 0),
(983, 55, 4, 21, 0, 0, 0, 0, 0),
(984, 55, 4, 22, 0, 0, 0, 0, 0),
(985, 55, 4, 23, 0, 0, 0, 0, 0),
(986, 55, 4, 24, 0, 0, 0, 0, 0),
(987, 55, 4, 25, 0, 0, 0, 0, 0),
(988, 55, 4, 26, 0, 0, 0, 0, 0),
(989, 55, 4, 27, 0, 0, 0, 0, 0),
(990, 55, 4, 28, 0, 0, 0, 0, 0),
(991, 55, 4, 29, 0, 0, 0, 0, 0),
(992, 55, 4, 30, 0, 0, 0, 0, 0),
(993, 55, 4, 31, 0, 0, 0, 0, 0),
(994, 55, 4, 32, 0, 0, 0, 0, 0),
(995, 55, 4, 33, 0, 0, 0, 0, 0),
(996, 55, 4, 34, 0, 0, 0, 0, 0),
(997, 55, 4, 35, 0, 0, 0, 0, 0),
(998, 55, 4, 36, 0, 0, 0, 0, 0),
(999, 55, 4, 37, 0, 0, 0, 0, 0),
(1000, 38, 7, 1, 0, 0, 0, 0, 0),
(1001, 38, 7, 2, 0, 0, 0, 0, 0),
(1002, 38, 7, 3, 0, 0, 0, 0, 0),
(1003, 38, 7, 4, 0, 0, 0, 0, 0),
(1004, 38, 7, 5, 0, 0, 0, 0, 0),
(1005, 38, 7, 6, 0, 0, 0, 0, 0),
(1006, 38, 7, 7, 0, 0, 0, 0, 0),
(1007, 38, 7, 8, 0, 0, 0, 0, 0),
(1008, 38, 7, 9, 0, 0, 0, 0, 0),
(1009, 38, 7, 10, 0, 0, 0, 0, 0),
(1010, 38, 7, 11, 0, 0, 0, 0, 0),
(1011, 38, 7, 12, 0, 0, 0, 0, 0),
(1012, 38, 7, 13, 0, 0, 0, 0, 0),
(1013, 38, 7, 14, 0, 0, 0, 0, 0),
(1014, 38, 7, 15, 0, 0, 0, 0, 0),
(1015, 38, 7, 16, 0, 0, 0, 0, 0),
(1016, 38, 7, 17, 0, 0, 0, 0, 0),
(1017, 38, 7, 18, 0, 0, 0, 0, 0),
(1018, 38, 7, 19, 0, 0, 0, 0, 0),
(1019, 38, 7, 20, 0, 0, 0, 0, 0),
(1020, 38, 7, 21, 0, 0, 0, 0, 0),
(1021, 38, 7, 22, 0, 0, 0, 0, 0),
(1022, 38, 7, 23, 0, 0, 0, 0, 0),
(1023, 38, 7, 24, 0, 0, 0, 0, 0),
(1024, 38, 7, 25, 0, 0, 0, 0, 0),
(1025, 38, 7, 26, 0, 0, 0, 0, 0),
(1026, 38, 7, 27, 0, 0, 0, 0, 0),
(1027, 38, 7, 28, 0, 0, 0, 0, 0),
(1028, 38, 7, 29, 0, 0, 0, 0, 0),
(1029, 38, 7, 30, 0, 0, 0, 0, 0),
(1030, 38, 7, 31, 0, 0, 0, 0, 0),
(1031, 38, 7, 32, 0, 0, 0, 0, 0),
(1032, 38, 7, 33, 0, 0, 0, 0, 0),
(1033, 38, 7, 34, 0, 0, 0, 0, 0),
(1034, 38, 7, 35, 0, 0, 0, 0, 0),
(1035, 38, 7, 36, 0, 0, 0, 0, 0),
(1036, 38, 7, 37, 0, 0, 0, 0, 0),
(1037, 39, 7, 1, 0, 0, 0, 0, 0),
(1038, 39, 7, 2, 0, 0, 0, 0, 0),
(1039, 39, 7, 3, 0, 0, 0, 0, 0),
(1040, 39, 7, 4, 0, 0, 0, 0, 0),
(1041, 39, 7, 5, 0, 0, 0, 0, 0),
(1042, 39, 7, 6, 0, 0, 0, 0, 0),
(1043, 39, 7, 7, 0, 0, 0, 0, 0),
(1044, 39, 7, 8, 0, 0, 0, 0, 0),
(1045, 39, 7, 9, 0, 0, 0, 0, 0),
(1046, 39, 7, 10, 0, 0, 0, 0, 0),
(1047, 39, 7, 11, 0, 0, 0, 0, 0),
(1048, 39, 7, 12, 0, 0, 0, 0, 0),
(1049, 39, 7, 13, 0, 0, 0, 0, 0),
(1050, 39, 7, 14, 0, 0, 0, 0, 0),
(1051, 39, 7, 15, 0, 0, 0, 0, 0),
(1052, 39, 7, 16, 0, 0, 0, 0, 0),
(1053, 39, 7, 17, 0, 0, 0, 0, 0),
(1054, 39, 7, 18, 0, 0, 0, 0, 0),
(1055, 39, 7, 19, 0, 0, 0, 0, 0),
(1056, 39, 7, 20, 0, 0, 0, 0, 0),
(1057, 39, 7, 21, 0, 0, 0, 0, 0),
(1058, 39, 7, 22, 0, 0, 0, 0, 0),
(1059, 39, 7, 23, 0, 0, 0, 0, 0),
(1060, 39, 7, 24, 0, 0, 0, 0, 0),
(1061, 39, 7, 25, 0, 0, 0, 0, 0),
(1062, 39, 7, 26, 0, 0, 0, 0, 0),
(1063, 39, 7, 27, 0, 0, 0, 0, 0),
(1064, 39, 7, 28, 0, 0, 0, 0, 0),
(1065, 39, 7, 29, 0, 0, 0, 0, 0),
(1066, 39, 7, 30, 0, 0, 0, 0, 0),
(1067, 39, 7, 31, 0, 0, 0, 0, 0),
(1068, 39, 7, 32, 0, 0, 0, 0, 0),
(1069, 39, 7, 33, 0, 0, 0, 0, 0),
(1070, 39, 7, 34, 0, 0, 0, 0, 0),
(1071, 39, 7, 35, 0, 0, 0, 0, 0),
(1072, 39, 7, 36, 0, 0, 0, 0, 0),
(1073, 39, 7, 37, 0, 0, 0, 0, 0),
(1074, 35, 2, 1, 0, 0, 0, 0, 0),
(1075, 35, 2, 2, 0, 0, 0, 0, 0),
(1076, 35, 2, 3, 0, 0, 0, 0, 0),
(1077, 35, 2, 4, 0, 0, 0, 0, 0),
(1078, 35, 2, 5, 0, 0, 0, 0, 0),
(1079, 35, 2, 6, 0, 0, 0, 0, 0),
(1080, 35, 2, 7, 0, 0, 0, 0, 0),
(1081, 35, 2, 8, 0, 0, 0, 0, 0),
(1082, 35, 2, 9, 0, 0, 0, 0, 0),
(1083, 35, 2, 10, 0, 0, 0, 0, 0),
(1084, 35, 2, 11, 0, 0, 0, 0, 0),
(1085, 35, 2, 12, 0, 0, 0, 0, 0),
(1086, 35, 2, 13, 0, 0, 0, 0, 0),
(1087, 35, 2, 14, 0, 0, 0, 0, 0),
(1088, 35, 2, 15, 0, 0, 0, 0, 0),
(1089, 35, 2, 16, 0, 0, 0, 0, 0),
(1090, 35, 2, 17, 0, 0, 0, 0, 0),
(1091, 35, 2, 18, 0, 0, 0, 0, 0),
(1092, 35, 2, 19, 0, 0, 0, 0, 0),
(1093, 35, 2, 20, 0, 0, 0, 0, 0),
(1094, 35, 2, 21, 0, 0, 0, 0, 0),
(1095, 35, 2, 22, 0, 0, 0, 0, 0),
(1096, 35, 2, 23, 0, 0, 0, 0, 0),
(1097, 35, 2, 24, 0, 0, 0, 0, 0),
(1098, 35, 2, 25, 0, 0, 0, 0, 0),
(1099, 35, 2, 26, 0, 0, 0, 0, 0),
(1100, 35, 2, 27, 0, 0, 0, 0, 0),
(1101, 35, 2, 28, 0, 0, 0, 0, 0),
(1102, 35, 2, 29, 0, 0, 0, 0, 0),
(1103, 35, 2, 30, 0, 0, 0, 0, 0),
(1104, 35, 2, 31, 0, 0, 0, 0, 0),
(1105, 35, 2, 32, 0, 0, 0, 0, 0),
(1106, 35, 2, 33, 0, 0, 0, 0, 0),
(1107, 35, 2, 34, 0, 0, 0, 0, 0),
(1108, 35, 2, 35, 0, 0, 0, 0, 0),
(1109, 35, 2, 36, 0, 0, 0, 0, 0),
(1110, 35, 2, 37, 0, 0, 0, 0, 0),
(1111, 34, 2, 1, 0, 0, 0, 0, 0),
(1112, 34, 2, 2, 0, 0, 0, 0, 0),
(1113, 34, 2, 3, 0, 0, 0, 0, 0),
(1114, 34, 2, 4, 0, 0, 0, 0, 0),
(1115, 34, 2, 5, 0, 0, 0, 0, 0),
(1116, 34, 2, 6, 0, 0, 0, 0, 0),
(1117, 34, 2, 7, 0, 0, 0, 0, 0),
(1118, 34, 2, 8, 0, 0, 0, 0, 0),
(1119, 34, 2, 9, 0, 0, 0, 0, 0),
(1120, 34, 2, 10, 0, 0, 0, 0, 0),
(1121, 34, 2, 11, 0, 0, 0, 0, 0),
(1122, 34, 2, 12, 0, 0, 0, 0, 0),
(1123, 34, 2, 13, 0, 0, 0, 0, 0),
(1124, 34, 2, 14, 0, 0, 0, 0, 0),
(1125, 34, 2, 15, 0, 0, 0, 0, 0),
(1126, 34, 2, 16, 0, 0, 0, 0, 0),
(1127, 34, 2, 17, 0, 0, 0, 0, 0),
(1128, 34, 2, 18, 0, 0, 0, 0, 0),
(1129, 34, 2, 19, 0, 0, 0, 0, 0),
(1130, 34, 2, 20, 0, 0, 0, 0, 0),
(1131, 34, 2, 21, 0, 0, 0, 0, 0),
(1132, 34, 2, 22, 0, 0, 0, 0, 0),
(1133, 34, 2, 23, 0, 0, 0, 0, 0),
(1134, 34, 2, 24, 0, 0, 0, 0, 0),
(1135, 34, 2, 25, 0, 0, 0, 0, 0),
(1136, 34, 2, 26, 0, 0, 0, 0, 0),
(1137, 34, 2, 27, 0, 0, 0, 0, 0),
(1138, 34, 2, 28, 0, 0, 0, 0, 0),
(1139, 34, 2, 29, 0, 0, 0, 0, 0),
(1140, 34, 2, 30, 0, 0, 0, 0, 0),
(1141, 34, 2, 31, 0, 0, 0, 0, 0),
(1142, 34, 2, 32, 0, 0, 0, 0, 0),
(1143, 34, 2, 33, 0, 0, 0, 0, 0),
(1144, 34, 2, 34, 0, 0, 0, 0, 0),
(1145, 34, 2, 35, 0, 0, 0, 0, 0),
(1146, 34, 2, 36, 0, 0, 0, 0, 0),
(1147, 34, 2, 37, 0, 0, 0, 0, 0),
(1148, 8, 5, 1, 0, 0, 0, 0, 0),
(1149, 8, 5, 2, 0, 0, 0, 0, 0),
(1150, 8, 5, 3, 0, 0, 0, 0, 0),
(1151, 8, 5, 4, 0, 0, 0, 0, 0),
(1152, 8, 5, 5, 0, 0, 0, 0, 0),
(1153, 8, 5, 6, 0, 0, 0, 0, 0),
(1154, 8, 5, 7, 0, 0, 0, 0, 0),
(1155, 8, 5, 8, 0, 0, 0, 0, 0),
(1156, 8, 5, 9, 0, 0, 0, 0, 0),
(1157, 8, 5, 10, 0, 0, 0, 0, 0),
(1158, 8, 5, 11, 0, 0, 0, 0, 0),
(1159, 8, 5, 12, 0, 0, 0, 0, 0),
(1160, 8, 5, 13, 0, 0, 0, 0, 0),
(1161, 8, 5, 14, 0, 0, 0, 0, 0),
(1162, 8, 5, 15, 0, 0, 0, 0, 0),
(1163, 8, 5, 16, 0, 0, 0, 0, 0),
(1164, 8, 5, 17, 0, 0, 0, 0, 0),
(1165, 8, 5, 18, 0, 0, 0, 0, 0),
(1166, 8, 5, 19, 0, 0, 0, 0, 0),
(1167, 8, 5, 20, 0, 0, 0, 0, 0),
(1168, 8, 5, 21, 0, 0, 0, 0, 0),
(1169, 8, 5, 22, 0, 0, 0, 0, 0),
(1170, 8, 5, 23, 0, 0, 0, 0, 0),
(1171, 8, 5, 24, 0, 0, 0, 0, 0),
(1172, 8, 5, 25, 0, 0, 0, 0, 0),
(1173, 8, 5, 26, 0, 0, 0, 0, 0),
(1174, 8, 5, 27, 0, 0, 0, 0, 0),
(1175, 8, 5, 28, 0, 0, 0, 0, 0),
(1176, 8, 5, 29, 0, 0, 0, 0, 0),
(1177, 8, 5, 30, 0, 0, 0, 0, 0),
(1178, 8, 5, 31, 0, 0, 0, 0, 0),
(1179, 8, 5, 32, 0, 0, 0, 0, 0),
(1180, 8, 5, 33, 0, 0, 0, 0, 0),
(1181, 8, 5, 34, 0, 0, 0, 0, 0),
(1182, 8, 5, 35, 0, 0, 0, 0, 0),
(1183, 8, 5, 36, 0, 0, 0, 0, 0),
(1184, 8, 5, 37, 0, 0, 0, 0, 0),
(1185, 9, 3, 1, 0, 0, 0, 0, 0),
(1186, 9, 3, 2, 0, 0, 0, 0, 0),
(1187, 9, 3, 3, 0, 0, 0, 0, 0),
(1188, 9, 3, 4, 0, 0, 0, 0, 0),
(1189, 9, 3, 5, 0, 0, 0, 0, 0),
(1190, 9, 3, 6, 0, 0, 0, 0, 0),
(1191, 9, 3, 7, 0, 0, 0, 0, 0),
(1192, 9, 3, 8, 0, 0, 0, 0, 0),
(1193, 9, 3, 9, 0, 0, 0, 0, 0),
(1194, 9, 3, 10, 0, 0, 0, 0, 0),
(1195, 9, 3, 11, 0, 0, 0, 0, 0),
(1196, 9, 3, 12, 0, 0, 0, 0, 0),
(1197, 9, 3, 13, 0, 0, 0, 0, 0),
(1198, 9, 3, 14, 0, 0, 0, 0, 0),
(1199, 9, 3, 15, 0, 0, 0, 0, 0),
(1200, 9, 3, 16, 0, 0, 0, 0, 0),
(1201, 9, 3, 17, 0, 0, 0, 0, 0),
(1202, 9, 3, 18, 0, 0, 0, 0, 0),
(1203, 9, 3, 19, 0, 0, 0, 0, 0),
(1204, 9, 3, 20, 0, 0, 0, 0, 0),
(1205, 9, 3, 21, 0, 0, 0, 0, 0),
(1206, 9, 3, 22, 0, 0, 0, 0, 0),
(1207, 9, 3, 23, 0, 0, 0, 0, 0),
(1208, 9, 3, 24, 0, 0, 0, 0, 0),
(1209, 9, 3, 25, 0, 0, 0, 0, 0),
(1210, 9, 3, 26, 0, 0, 0, 0, 0),
(1211, 9, 3, 27, 0, 0, 0, 0, 0),
(1212, 9, 3, 28, 0, 0, 0, 0, 0),
(1213, 9, 3, 29, 0, 0, 0, 0, 0),
(1214, 9, 3, 30, 0, 0, 0, 0, 0),
(1215, 9, 3, 31, 0, 0, 0, 0, 0),
(1216, 9, 3, 32, 0, 0, 0, 0, 0),
(1217, 9, 3, 33, 0, 0, 0, 0, 0),
(1218, 9, 3, 34, 0, 0, 0, 0, 0),
(1219, 9, 3, 35, 0, 0, 0, 0, 0),
(1220, 9, 3, 36, 0, 0, 0, 0, 0),
(1221, 9, 3, 37, 0, 0, 0, 0, 0),
(1222, 12, 8, 1, 0, 0, 0, 0, 0),
(1223, 12, 8, 2, 0, 0, 0, 0, 0),
(1224, 12, 8, 3, 0, 0, 0, 0, 0),
(1225, 12, 8, 4, 0, 0, 0, 0, 0),
(1226, 12, 8, 5, 0, 0, 0, 0, 0),
(1227, 12, 8, 6, 0, 0, 0, 0, 0),
(1228, 12, 8, 7, 0, 0, 0, 0, 0),
(1229, 12, 8, 8, 0, 0, 0, 0, 0),
(1230, 12, 8, 9, 0, 0, 0, 0, 0),
(1231, 12, 8, 10, 0, 0, 0, 0, 0),
(1232, 12, 8, 11, 0, 0, 0, 0, 0),
(1233, 12, 8, 12, 0, 0, 0, 0, 0),
(1234, 12, 8, 13, 0, 0, 0, 0, 0),
(1235, 12, 8, 14, 0, 0, 0, 0, 0),
(1236, 12, 8, 15, 0, 0, 0, 0, 0),
(1237, 12, 8, 16, 0, 0, 0, 0, 0),
(1238, 12, 8, 17, 0, 0, 0, 0, 0),
(1239, 12, 8, 18, 0, 0, 0, 0, 0),
(1240, 12, 8, 19, 0, 0, 0, 0, 0),
(1241, 12, 8, 20, 0, 0, 0, 0, 0),
(1242, 12, 8, 21, 0, 0, 0, 0, 0),
(1243, 12, 8, 22, 0, 0, 0, 0, 0),
(1244, 12, 8, 23, 0, 0, 0, 0, 0),
(1245, 12, 8, 24, 0, 0, 0, 0, 0),
(1246, 12, 8, 25, 0, 0, 0, 0, 0),
(1247, 12, 8, 26, 0, 0, 0, 0, 0),
(1248, 12, 8, 27, 0, 0, 0, 0, 0),
(1249, 12, 8, 28, 0, 0, 0, 0, 0),
(1250, 12, 8, 29, 0, 0, 0, 0, 0),
(1251, 12, 8, 30, 0, 0, 0, 0, 0),
(1252, 12, 8, 31, 0, 0, 0, 0, 0),
(1253, 12, 8, 32, 0, 0, 0, 0, 0),
(1254, 12, 8, 33, 0, 0, 0, 0, 0),
(1255, 12, 8, 34, 0, 0, 0, 0, 0),
(1256, 12, 8, 35, 0, 0, 0, 0, 0),
(1257, 12, 8, 36, 0, 0, 0, 0, 0),
(1258, 12, 8, 37, 0, 0, 0, 0, 0),
(1259, 1, 9, 1, 0, 0, 0, 0, 0),
(1260, 1, 9, 2, 0, 0, 0, 0, 0),
(1261, 1, 9, 3, 0, 0, 0, 0, 0),
(1262, 1, 9, 4, 0, 0, 0, 0, 0),
(1263, 1, 9, 5, 0, 0, 0, 0, 0),
(1264, 1, 9, 6, 0, 0, 0, 0, 0),
(1265, 1, 9, 7, 0, 0, 0, 0, 0),
(1266, 1, 9, 8, 0, 0, 0, 0, 0),
(1267, 1, 9, 9, 0, 0, 0, 0, 0),
(1268, 1, 9, 10, 0, 0, 0, 0, 0),
(1269, 1, 9, 11, 0, 0, 0, 0, 0),
(1270, 1, 9, 12, 0, 0, 0, 0, 0),
(1271, 1, 9, 13, 0, 0, 0, 0, 0),
(1272, 1, 9, 14, 0, 0, 0, 0, 0),
(1273, 1, 9, 15, 0, 0, 0, 0, 0),
(1274, 1, 9, 16, 0, 0, 0, 0, 0),
(1275, 1, 9, 17, 0, 0, 0, 0, 0),
(1276, 1, 9, 18, 0, 0, 0, 0, 0),
(1277, 1, 9, 19, 0, 0, 0, 0, 0),
(1278, 1, 9, 20, 0, 0, 0, 0, 0),
(1279, 1, 9, 21, 0, 0, 0, 0, 0),
(1280, 1, 9, 22, 0, 0, 0, 0, 0),
(1281, 1, 9, 23, 0, 0, 0, 0, 0),
(1282, 1, 9, 24, 0, 0, 0, 0, 0),
(1283, 1, 9, 25, 0, 0, 0, 0, 0),
(1284, 1, 9, 26, 0, 0, 0, 0, 0),
(1285, 1, 9, 27, 0, 0, 0, 0, 0),
(1286, 1, 9, 28, 0, 0, 0, 0, 0),
(1287, 1, 9, 29, 0, 0, 0, 0, 0),
(1288, 1, 9, 30, 0, 0, 0, 0, 0),
(1289, 1, 9, 31, 0, 0, 0, 0, 0),
(1290, 1, 9, 32, 0, 0, 0, 0, 0),
(1291, 1, 9, 33, 0, 0, 0, 0, 0),
(1292, 1, 9, 34, 0, 0, 0, 0, 0),
(1293, 1, 9, 35, 0, 0, 0, 0, 0),
(1294, 1, 9, 36, 0, 0, 0, 0, 0),
(1295, 1, 9, 37, 0, 0, 0, 0, 0),
(1296, 9, 10, 1, 0, 0, 0, 0, 0),
(1297, 9, 10, 2, 0, 0, 0, 0, 0),
(1298, 9, 10, 3, 0, 0, 0, 0, 0),
(1299, 9, 10, 4, 0, 0, 0, 0, 0),
(1300, 9, 10, 5, 0, 0, 0, 0, 0),
(1301, 9, 10, 6, 0, 0, 0, 0, 0),
(1302, 9, 10, 7, 0, 0, 0, 0, 0),
(1303, 9, 10, 8, 0, 0, 0, 0, 0),
(1304, 9, 10, 9, 0, 0, 0, 0, 0),
(1305, 9, 10, 10, 0, 0, 0, 0, 0),
(1306, 9, 10, 11, 0, 0, 0, 0, 0),
(1307, 9, 10, 12, 0, 0, 0, 0, 0),
(1308, 9, 10, 13, 0, 0, 0, 0, 0),
(1309, 9, 10, 14, 0, 0, 0, 0, 0),
(1310, 9, 10, 15, 0, 0, 0, 0, 0),
(1311, 9, 10, 16, 0, 0, 0, 0, 0),
(1312, 9, 10, 17, 0, 0, 0, 0, 0),
(1313, 9, 10, 18, 0, 0, 0, 0, 0),
(1314, 9, 10, 19, 0, 0, 0, 0, 0),
(1315, 9, 10, 20, 0, 0, 0, 0, 0),
(1316, 9, 10, 21, 0, 0, 0, 0, 0),
(1317, 9, 10, 22, 0, 0, 0, 0, 0),
(1318, 9, 10, 23, 0, 0, 0, 0, 0),
(1319, 9, 10, 24, 0, 0, 0, 0, 0),
(1320, 9, 10, 25, 0, 0, 0, 0, 0),
(1321, 9, 10, 26, 0, 0, 0, 0, 0),
(1322, 9, 10, 27, 0, 0, 0, 0, 0),
(1323, 9, 10, 28, 0, 0, 0, 0, 0),
(1324, 9, 10, 29, 0, 0, 0, 0, 0),
(1325, 9, 10, 30, 0, 0, 0, 0, 0),
(1326, 9, 10, 31, 0, 0, 0, 0, 0),
(1327, 9, 10, 32, 0, 0, 0, 0, 0),
(1328, 9, 10, 33, 0, 0, 0, 0, 0),
(1329, 9, 10, 34, 0, 0, 0, 0, 0),
(1330, 9, 10, 35, 0, 0, 0, 0, 0),
(1331, 9, 10, 36, 0, 0, 0, 0, 0),
(1332, 9, 10, 37, 0, 0, 0, 0, 0),
(1333, 11, 11, 1, 0, 0, 0, 0, 0),
(1334, 11, 11, 2, 0, 0, 0, 0, 0),
(1335, 11, 11, 3, 0, 0, 0, 0, 0),
(1336, 11, 11, 4, 0, 0, 0, 0, 0),
(1337, 11, 11, 5, 0, 0, 0, 0, 0),
(1338, 11, 11, 6, 0, 0, 0, 0, 0),
(1339, 11, 11, 7, 0, 0, 0, 0, 0),
(1340, 11, 11, 8, 0, 0, 0, 0, 0),
(1341, 11, 11, 9, 0, 0, 0, 0, 0),
(1342, 11, 11, 10, 0, 0, 0, 0, 0),
(1343, 11, 11, 11, 0, 0, 0, 0, 0),
(1344, 11, 11, 12, 0, 0, 0, 0, 0),
(1345, 11, 11, 13, 0, 0, 0, 0, 0),
(1346, 11, 11, 14, 0, 0, 0, 0, 0),
(1347, 11, 11, 15, 0, 0, 0, 0, 0),
(1348, 11, 11, 16, 0, 0, 0, 0, 0),
(1349, 11, 11, 17, 0, 0, 0, 0, 0),
(1350, 11, 11, 18, 0, 0, 0, 0, 0),
(1351, 11, 11, 19, 0, 0, 0, 0, 0),
(1352, 11, 11, 20, 0, 0, 0, 0, 0),
(1353, 11, 11, 21, 0, 0, 0, 0, 0),
(1354, 11, 11, 22, 0, 0, 0, 0, 0),
(1355, 11, 11, 23, 0, 0, 0, 0, 0),
(1356, 11, 11, 24, 0, 0, 0, 0, 0),
(1357, 11, 11, 25, 0, 0, 0, 0, 0),
(1358, 11, 11, 26, 0, 0, 0, 0, 0),
(1359, 11, 11, 27, 0, 0, 0, 0, 0),
(1360, 11, 11, 28, 0, 0, 0, 0, 0),
(1361, 11, 11, 29, 0, 0, 0, 0, 0),
(1362, 11, 11, 30, 0, 0, 0, 0, 0),
(1363, 11, 11, 31, 0, 0, 0, 0, 0),
(1364, 11, 11, 32, 0, 0, 0, 0, 0),
(1365, 11, 11, 33, 0, 0, 0, 0, 0),
(1366, 11, 11, 34, 0, 0, 0, 0, 0),
(1367, 11, 11, 35, 0, 0, 0, 0, 0),
(1368, 11, 11, 36, 0, 0, 0, 0, 0),
(1369, 11, 11, 37, 0, 0, 0, 0, 0),
(1370, 11, 12, 1, 0, 0, 0, 0, 0),
(1371, 11, 12, 2, 0, 0, 0, 0, 0),
(1372, 11, 12, 3, 0, 0, 0, 0, 0),
(1373, 11, 12, 4, 0, 0, 0, 0, 0),
(1374, 11, 12, 5, 0, 0, 0, 0, 0),
(1375, 11, 12, 6, 0, 0, 0, 0, 0),
(1376, 11, 12, 7, 0, 0, 0, 0, 0),
(1377, 11, 12, 8, 0, 0, 0, 0, 0),
(1378, 11, 12, 9, 0, 0, 0, 0, 0),
(1379, 11, 12, 10, 0, 0, 0, 0, 0),
(1380, 11, 12, 11, 0, 0, 0, 0, 0),
(1381, 11, 12, 12, 0, 0, 0, 0, 0),
(1382, 11, 12, 13, 0, 0, 0, 0, 0),
(1383, 11, 12, 14, 0, 0, 0, 0, 0),
(1384, 11, 12, 15, 0, 0, 0, 0, 0),
(1385, 11, 12, 16, 0, 0, 0, 0, 0),
(1386, 11, 12, 17, 0, 0, 0, 0, 0),
(1387, 11, 12, 18, 0, 0, 0, 0, 0),
(1388, 11, 12, 19, 0, 0, 0, 0, 0),
(1389, 11, 12, 20, 0, 0, 0, 0, 0),
(1390, 11, 12, 21, 0, 0, 0, 0, 0),
(1391, 11, 12, 22, 0, 0, 0, 0, 0),
(1392, 11, 12, 23, 0, 0, 0, 0, 0),
(1393, 11, 12, 24, 0, 0, 0, 0, 0),
(1394, 11, 12, 25, 0, 0, 0, 0, 0),
(1395, 11, 12, 26, 0, 0, 0, 0, 0),
(1396, 11, 12, 27, 0, 0, 0, 0, 0),
(1397, 11, 12, 28, 0, 0, 0, 0, 0),
(1398, 11, 12, 29, 0, 0, 0, 0, 0),
(1399, 11, 12, 30, 0, 0, 0, 0, 0),
(1400, 11, 12, 31, 0, 0, 0, 0, 0),
(1401, 11, 12, 32, 0, 0, 0, 0, 0),
(1402, 11, 12, 33, 0, 0, 0, 0, 0),
(1403, 11, 12, 34, 0, 0, 0, 0, 0),
(1404, 11, 12, 35, 0, 0, 0, 0, 0),
(1405, 11, 12, 36, 0, 0, 0, 0, 0),
(1406, 11, 12, 37, 0, 0, 0, 0, 0),
(1407, 7, 6, 1, 0, 0, 0, 0, 0),
(1408, 7, 6, 2, 0, 0, 0, 0, 0),
(1409, 7, 6, 3, 0, 0, 0, 0, 0),
(1410, 7, 6, 4, 0, 0, 0, 0, 0),
(1411, 7, 6, 5, 0, 0, 0, 0, 0),
(1412, 7, 6, 6, 0, 0, 0, 0, 0),
(1413, 7, 6, 7, 0, 0, 0, 0, 0),
(1414, 7, 6, 8, 0, 0, 0, 0, 0),
(1415, 7, 6, 9, 0, 0, 0, 0, 0),
(1416, 7, 6, 10, 0, 0, 0, 0, 0),
(1417, 7, 6, 11, 0, 0, 0, 0, 0),
(1418, 7, 6, 12, 0, 0, 0, 0, 0),
(1419, 7, 6, 13, 0, 0, 0, 0, 0),
(1420, 7, 6, 14, 0, 0, 0, 0, 0),
(1421, 7, 6, 15, 0, 0, 0, 0, 0),
(1422, 7, 6, 16, 0, 0, 0, 0, 0),
(1423, 7, 6, 17, 0, 0, 0, 0, 0),
(1424, 7, 6, 18, 0, 0, 0, 0, 0),
(1425, 7, 6, 19, 0, 0, 0, 0, 0),
(1426, 7, 6, 20, 0, 0, 0, 0, 0),
(1427, 7, 6, 21, 0, 0, 0, 0, 0),
(1428, 7, 6, 22, 0, 0, 0, 0, 0),
(1429, 7, 6, 23, 0, 0, 0, 0, 0),
(1430, 7, 6, 24, 0, 0, 0, 0, 0),
(1431, 7, 6, 25, 0, 0, 0, 0, 0),
(1432, 7, 6, 26, 0, 0, 0, 0, 0),
(1433, 7, 6, 27, 0, 0, 0, 0, 0),
(1434, 7, 6, 28, 0, 0, 0, 0, 0),
(1435, 7, 6, 29, 0, 0, 0, 0, 0),
(1436, 7, 6, 30, 0, 0, 0, 0, 0),
(1437, 7, 6, 31, 0, 0, 0, 0, 0),
(1438, 7, 6, 32, 0, 0, 0, 0, 0),
(1439, 7, 6, 33, 0, 0, 0, 0, 0),
(1440, 7, 6, 34, 0, 0, 0, 0, 0),
(1441, 7, 6, 35, 0, 0, 0, 0, 0),
(1442, 7, 6, 36, 0, 0, 0, 0, 0),
(1443, 7, 6, 37, 0, 0, 0, 0, 0),
(1444, 10, 4, 1, 0, 0, 0, 0, 0),
(1445, 10, 4, 2, 0, 0, 0, 0, 0),
(1446, 10, 4, 3, 0, 0, 0, 0, 0),
(1447, 10, 4, 4, 0, 0, 0, 0, 0),
(1448, 10, 4, 5, 0, 0, 0, 0, 0),
(1449, 10, 4, 6, 0, 0, 0, 0, 0),
(1450, 10, 4, 7, 0, 0, 0, 0, 0),
(1451, 10, 4, 8, 0, 0, 0, 0, 0),
(1452, 10, 4, 9, 0, 0, 0, 0, 0),
(1453, 10, 4, 10, 0, 0, 0, 0, 0),
(1454, 10, 4, 11, 0, 0, 0, 0, 0),
(1455, 10, 4, 12, 0, 0, 0, 0, 0),
(1456, 10, 4, 13, 0, 0, 0, 0, 0),
(1457, 10, 4, 14, 0, 0, 0, 0, 0),
(1458, 10, 4, 15, 0, 0, 0, 0, 0),
(1459, 10, 4, 16, 0, 0, 0, 0, 0),
(1460, 10, 4, 17, 0, 0, 0, 0, 0),
(1461, 10, 4, 18, 0, 0, 0, 0, 0),
(1462, 10, 4, 19, 0, 0, 0, 0, 0),
(1463, 10, 4, 20, 0, 0, 0, 0, 0),
(1464, 10, 4, 21, 0, 0, 0, 0, 0),
(1465, 10, 4, 22, 0, 0, 0, 0, 0),
(1466, 10, 4, 23, 0, 0, 0, 0, 0),
(1467, 10, 4, 24, 0, 0, 0, 0, 0),
(1468, 10, 4, 25, 0, 0, 0, 0, 0),
(1469, 10, 4, 26, 0, 0, 0, 0, 0),
(1470, 10, 4, 27, 0, 0, 0, 0, 0),
(1471, 10, 4, 28, 0, 0, 0, 0, 0),
(1472, 10, 4, 29, 0, 0, 0, 0, 0),
(1473, 10, 4, 30, 0, 0, 0, 0, 0),
(1474, 10, 4, 31, 0, 0, 0, 0, 0),
(1475, 10, 4, 32, 0, 0, 0, 0, 0),
(1476, 10, 4, 33, 0, 0, 0, 0, 0),
(1477, 10, 4, 34, 0, 0, 0, 0, 0),
(1478, 10, 4, 35, 0, 0, 0, 0, 0),
(1479, 10, 4, 36, 0, 0, 0, 0, 0),
(1480, 10, 4, 37, 0, 0, 0, 0, 0),
(1481, 14, 13, 1, 0, 0, 0, 0, 0),
(1482, 14, 13, 2, 0, 0, 0, 0, 0),
(1483, 14, 13, 3, 0, 0, 0, 0, 0),
(1484, 14, 13, 4, 0, 0, 0, 0, 0),
(1485, 14, 13, 5, 0, 0, 0, 0, 0),
(1486, 14, 13, 6, 0, 0, 0, 0, 0),
(1487, 14, 13, 7, 0, 0, 0, 0, 0),
(1488, 14, 13, 8, 0, 0, 0, 0, 0),
(1489, 14, 13, 9, 0, 0, 0, 0, 0),
(1490, 14, 13, 10, 0, 0, 0, 0, 0),
(1491, 14, 13, 11, 0, 0, 0, 0, 0),
(1492, 14, 13, 12, 0, 0, 0, 0, 0),
(1493, 14, 13, 13, 0, 0, 0, 0, 0),
(1494, 14, 13, 14, 0, 0, 0, 0, 0),
(1495, 14, 13, 15, 0, 0, 0, 0, 0),
(1496, 14, 13, 16, 0, 0, 0, 0, 0),
(1497, 14, 13, 17, 0, 0, 0, 0, 0),
(1498, 14, 13, 18, 0, 0, 0, 0, 0),
(1499, 14, 13, 19, 0, 0, 0, 0, 0),
(1500, 14, 13, 20, 0, 0, 0, 0, 0),
(1501, 14, 13, 21, 0, 0, 0, 0, 0),
(1502, 14, 13, 22, 0, 0, 0, 0, 0),
(1503, 14, 13, 23, 0, 0, 0, 0, 0),
(1504, 14, 13, 24, 0, 0, 0, 0, 0),
(1505, 14, 13, 25, 0, 0, 0, 0, 0),
(1506, 14, 13, 26, 0, 0, 0, 0, 0),
(1507, 14, 13, 27, 0, 0, 0, 0, 0),
(1508, 14, 13, 28, 0, 0, 0, 0, 0),
(1509, 14, 13, 29, 0, 0, 0, 0, 0),
(1510, 14, 13, 30, 0, 0, 0, 0, 0),
(1511, 14, 13, 31, 0, 0, 0, 0, 0),
(1512, 14, 13, 32, 0, 0, 0, 0, 0),
(1513, 14, 13, 33, 0, 0, 0, 0, 0),
(1514, 14, 13, 34, 0, 0, 0, 0, 0),
(1515, 14, 13, 35, 0, 0, 0, 0, 0),
(1516, 14, 13, 36, 0, 0, 0, 0, 0),
(1517, 14, 13, 37, 0, 0, 0, 0, 0),
(1518, 15, 13, 1, 0, 0, 0, 0, 0),
(1519, 15, 13, 2, 0, 0, 0, 0, 0),
(1520, 15, 13, 3, 0, 0, 0, 0, 0),
(1521, 15, 13, 4, 0, 0, 0, 0, 0),
(1522, 15, 13, 5, 0, 0, 0, 0, 0),
(1523, 15, 13, 6, 0, 0, 0, 0, 0),
(1524, 15, 13, 7, 0, 0, 0, 0, 0),
(1525, 15, 13, 8, 0, 0, 0, 0, 0),
(1526, 15, 13, 9, 0, 0, 0, 0, 0),
(1527, 15, 13, 10, 0, 0, 0, 0, 0),
(1528, 15, 13, 11, 0, 0, 0, 0, 0),
(1529, 15, 13, 12, 0, 0, 0, 0, 0),
(1530, 15, 13, 13, 0, 0, 0, 0, 0),
(1531, 15, 13, 14, 0, 0, 0, 0, 0),
(1532, 15, 13, 15, 0, 0, 0, 0, 0),
(1533, 15, 13, 16, 0, 0, 0, 0, 0),
(1534, 15, 13, 17, 0, 0, 0, 0, 0),
(1535, 15, 13, 18, 0, 0, 0, 0, 0),
(1536, 15, 13, 19, 0, 0, 0, 0, 0),
(1537, 15, 13, 20, 0, 0, 0, 0, 0),
(1538, 15, 13, 21, 0, 0, 0, 0, 0),
(1539, 15, 13, 22, 0, 0, 0, 0, 0),
(1540, 15, 13, 23, 0, 0, 0, 0, 0),
(1541, 15, 13, 24, 0, 0, 0, 0, 0),
(1542, 15, 13, 25, 0, 0, 0, 0, 0),
(1543, 15, 13, 26, 0, 0, 0, 0, 0),
(1544, 15, 13, 27, 0, 0, 0, 0, 0),
(1545, 15, 13, 28, 0, 0, 0, 0, 0),
(1546, 15, 13, 29, 0, 0, 0, 0, 0),
(1547, 15, 13, 30, 0, 0, 0, 0, 0),
(1548, 15, 13, 31, 0, 0, 0, 0, 0),
(1549, 15, 13, 32, 0, 0, 0, 0, 0),
(1550, 15, 13, 33, 0, 0, 0, 0, 0),
(1551, 15, 13, 34, 0, 0, 0, 0, 0),
(1552, 15, 13, 35, 0, 0, 0, 0, 0),
(1553, 15, 13, 36, 0, 0, 0, 0, 0),
(1554, 15, 13, 37, 0, 0, 0, 0, 0),
(1555, 18, 14, 1, 0, 0, 0, 0, 0),
(1556, 18, 14, 2, 0, 0, 0, 0, 0),
(1557, 18, 14, 3, 0, 0, 0, 0, 0),
(1558, 18, 14, 4, 0, 0, 0, 0, 0),
(1559, 18, 14, 5, 0, 0, 0, 0, 0),
(1560, 18, 14, 6, 0, 0, 0, 0, 0),
(1561, 18, 14, 7, 0, 0, 0, 0, 0),
(1562, 18, 14, 8, 0, 0, 0, 0, 0),
(1563, 18, 14, 9, 0, 0, 0, 0, 0),
(1564, 18, 14, 10, 0, 0, 0, 0, 0),
(1565, 18, 14, 11, 0, 0, 0, 0, 0),
(1566, 18, 14, 12, 0, 0, 0, 0, 0),
(1567, 18, 14, 13, 0, 0, 0, 0, 0),
(1568, 18, 14, 14, 0, 0, 0, 0, 0),
(1569, 18, 14, 15, 0, 0, 0, 0, 0),
(1570, 18, 14, 16, 0, 0, 0, 0, 0),
(1571, 18, 14, 17, 0, 0, 0, 0, 0),
(1572, 18, 14, 18, 0, 0, 0, 0, 0),
(1573, 18, 14, 19, 0, 0, 0, 0, 0),
(1574, 18, 14, 20, 0, 0, 0, 0, 0),
(1575, 18, 14, 21, 0, 0, 0, 0, 0),
(1576, 18, 14, 22, 0, 0, 0, 0, 0),
(1577, 18, 14, 23, 0, 0, 0, 0, 0),
(1578, 18, 14, 24, 0, 0, 0, 0, 0),
(1579, 18, 14, 25, 0, 0, 0, 0, 0),
(1580, 18, 14, 26, 0, 0, 0, 0, 0),
(1581, 18, 14, 27, 0, 0, 0, 0, 0),
(1582, 18, 14, 28, 0, 0, 0, 0, 0),
(1583, 18, 14, 29, 0, 0, 0, 0, 0),
(1584, 18, 14, 30, 0, 0, 0, 0, 0),
(1585, 18, 14, 31, 0, 0, 0, 0, 0),
(1586, 18, 14, 32, 0, 0, 0, 0, 0),
(1587, 18, 14, 33, 0, 0, 0, 0, 0),
(1588, 18, 14, 34, 0, 0, 0, 0, 0),
(1589, 18, 14, 35, 0, 0, 0, 0, 0),
(1590, 18, 14, 36, 0, 0, 0, 0, 0),
(1591, 18, 14, 37, 0, 0, 0, 0, 0),
(1592, 23, 4, 1, 0, 0, 0, 0, 0),
(1593, 23, 4, 2, 0, 0, 0, 0, 0),
(1594, 23, 4, 3, 0, 0, 0, 0, 0),
(1595, 23, 4, 4, 0, 0, 0, 0, 0),
(1596, 23, 4, 5, 0, 0, 0, 0, 0),
(1597, 23, 4, 6, 0, 0, 0, 0, 0),
(1598, 23, 4, 7, 0, 0, 0, 0, 0),
(1599, 23, 4, 8, 0, 0, 0, 0, 0),
(1600, 23, 4, 9, 0, 0, 0, 0, 0),
(1601, 23, 4, 10, 0, 0, 0, 0, 0),
(1602, 23, 4, 11, 0, 0, 0, 0, 0),
(1603, 23, 4, 12, 0, 0, 0, 0, 0),
(1604, 23, 4, 13, 0, 0, 0, 0, 0),
(1605, 23, 4, 14, 0, 0, 0, 0, 0),
(1606, 23, 4, 15, 0, 0, 0, 0, 0),
(1607, 23, 4, 16, 0, 0, 0, 0, 0),
(1608, 23, 4, 17, 0, 0, 0, 0, 0),
(1609, 23, 4, 18, 0, 0, 0, 0, 0),
(1610, 23, 4, 19, 0, 0, 0, 0, 0),
(1611, 23, 4, 20, 0, 0, 0, 0, 0),
(1612, 23, 4, 21, 0, 0, 0, 0, 0),
(1613, 23, 4, 22, 0, 0, 0, 0, 0),
(1614, 23, 4, 23, 0, 0, 0, 0, 0),
(1615, 23, 4, 24, 0, 0, 0, 0, 0),
(1616, 23, 4, 25, 0, 0, 0, 0, 0),
(1617, 23, 4, 26, 0, 0, 0, 0, 0),
(1618, 23, 4, 27, 0, 0, 0, 0, 0),
(1619, 23, 4, 28, 0, 0, 0, 0, 0),
(1620, 23, 4, 29, 0, 0, 0, 0, 0),
(1621, 23, 4, 30, 0, 0, 0, 0, 0),
(1622, 23, 4, 31, 0, 0, 0, 0, 0),
(1623, 23, 4, 32, 0, 0, 0, 0, 0),
(1624, 23, 4, 33, 0, 0, 0, 0, 0),
(1625, 23, 4, 34, 0, 0, 0, 0, 0),
(1626, 23, 4, 35, 0, 0, 0, 0, 0),
(1627, 23, 4, 36, 0, 0, 0, 0, 0),
(1628, 23, 4, 37, 0, 0, 0, 0, 0),
(1629, 17, 1, 1, 0, 0, 0, 0, 0),
(1630, 17, 1, 2, 0, 0, 0, 0, 0),
(1631, 17, 1, 3, 0, 0, 0, 0, 0),
(1632, 17, 1, 4, 0, 0, 0, 0, 0),
(1633, 17, 1, 5, 0, 0, 0, 0, 0),
(1634, 17, 1, 6, 0, 0, 0, 0, 0),
(1635, 17, 1, 7, 0, 0, 0, 0, 0),
(1636, 17, 1, 8, 0, 0, 0, 0, 0),
(1637, 17, 1, 9, 0, 0, 0, 0, 0),
(1638, 17, 1, 10, 0, 0, 0, 0, 0),
(1639, 17, 1, 11, 0, 0, 0, 0, 0),
(1640, 17, 1, 12, 0, 0, 0, 0, 0),
(1641, 17, 1, 13, 0, 0, 0, 0, 0),
(1642, 17, 1, 14, 0, 0, 0, 0, 0),
(1643, 17, 1, 15, 0, 0, 0, 0, 0),
(1644, 17, 1, 16, 0, 0, 0, 0, 0),
(1645, 17, 1, 17, 0, 0, 0, 0, 0),
(1646, 17, 1, 18, 0, 0, 0, 0, 0),
(1647, 17, 1, 19, 0, 0, 0, 0, 0),
(1648, 17, 1, 20, 0, 0, 0, 0, 0),
(1649, 17, 1, 21, 0, 0, 0, 0, 0),
(1650, 17, 1, 22, 0, 0, 0, 0, 0),
(1651, 17, 1, 23, 0, 0, 0, 0, 0),
(1652, 17, 1, 24, 0, 0, 0, 0, 0),
(1653, 17, 1, 25, 0, 0, 0, 0, 0),
(1654, 17, 1, 26, 0, 0, 0, 0, 0),
(1655, 17, 1, 27, 0, 0, 0, 0, 0),
(1656, 17, 1, 28, 0, 0, 0, 0, 0),
(1657, 17, 1, 29, 0, 0, 0, 0, 0),
(1658, 17, 1, 30, 0, 0, 0, 0, 0),
(1659, 17, 1, 31, 0, 0, 0, 0, 0),
(1660, 17, 1, 32, 0, 0, 0, 0, 0),
(1661, 17, 1, 33, 0, 0, 0, 0, 0),
(1662, 17, 1, 34, 0, 0, 0, 0, 0),
(1663, 17, 1, 35, 0, 0, 0, 0, 0),
(1664, 17, 1, 36, 0, 0, 0, 0, 0),
(1665, 17, 1, 37, 0, 0, 0, 0, 0),
(1666, 37, 15, 1, 0, 0, 0, 0, 0),
(1667, 37, 15, 2, 0, 0, 0, 0, 0),
(1668, 37, 15, 3, 0, 0, 0, 0, 0);
INSERT INTO `result` (`id`, `cid`, `pid`, `qid`, `ans1`, `ans2`, `ans3`, `ans4`, `ans5`) VALUES
(1669, 37, 15, 4, 0, 0, 0, 0, 0),
(1670, 37, 15, 5, 0, 0, 0, 0, 0),
(1671, 37, 15, 6, 0, 0, 0, 0, 0),
(1672, 37, 15, 7, 0, 0, 0, 0, 0),
(1673, 37, 15, 8, 0, 0, 0, 0, 0),
(1674, 37, 15, 9, 0, 0, 0, 0, 0),
(1675, 37, 15, 10, 0, 0, 0, 0, 0),
(1676, 37, 15, 11, 0, 0, 0, 0, 0),
(1677, 37, 15, 12, 0, 0, 0, 0, 0),
(1678, 37, 15, 13, 0, 0, 0, 0, 0),
(1679, 37, 15, 14, 0, 0, 0, 0, 0),
(1680, 37, 15, 15, 0, 0, 0, 0, 0),
(1681, 37, 15, 16, 0, 0, 0, 0, 0),
(1682, 37, 15, 17, 0, 0, 0, 0, 0),
(1683, 37, 15, 18, 0, 0, 0, 0, 0),
(1684, 37, 15, 19, 0, 0, 0, 0, 0),
(1685, 37, 15, 20, 0, 0, 0, 0, 0),
(1686, 37, 15, 21, 0, 0, 0, 0, 0),
(1687, 37, 15, 22, 0, 0, 0, 0, 0),
(1688, 37, 15, 23, 0, 0, 0, 0, 0),
(1689, 37, 15, 24, 0, 0, 0, 0, 0),
(1690, 37, 15, 25, 0, 0, 0, 0, 0),
(1691, 37, 15, 26, 0, 0, 0, 0, 0),
(1692, 37, 15, 27, 0, 0, 0, 0, 0),
(1693, 37, 15, 28, 0, 0, 0, 0, 0),
(1694, 37, 15, 29, 0, 0, 0, 0, 0),
(1695, 37, 15, 30, 0, 0, 0, 0, 0),
(1696, 37, 15, 31, 0, 0, 0, 0, 0),
(1697, 37, 15, 32, 0, 0, 0, 0, 0),
(1698, 37, 15, 33, 0, 0, 0, 0, 0),
(1699, 37, 15, 34, 0, 0, 0, 0, 0),
(1700, 37, 15, 35, 0, 0, 0, 0, 0),
(1701, 37, 15, 36, 0, 0, 0, 0, 0),
(1702, 37, 15, 37, 0, 0, 0, 0, 0),
(1703, 21, 15, 1, 0, 0, 0, 0, 0),
(1704, 21, 15, 2, 0, 0, 0, 0, 0),
(1705, 21, 15, 3, 0, 0, 0, 0, 0),
(1706, 21, 15, 4, 0, 0, 0, 0, 0),
(1707, 21, 15, 5, 0, 0, 0, 0, 0),
(1708, 21, 15, 6, 0, 0, 0, 0, 0),
(1709, 21, 15, 7, 0, 0, 0, 0, 0),
(1710, 21, 15, 8, 0, 0, 0, 0, 0),
(1711, 21, 15, 9, 0, 0, 0, 0, 0),
(1712, 21, 15, 10, 0, 0, 0, 0, 0),
(1713, 21, 15, 11, 0, 0, 0, 0, 0),
(1714, 21, 15, 12, 0, 0, 0, 0, 0),
(1715, 21, 15, 13, 0, 0, 0, 0, 0),
(1716, 21, 15, 14, 0, 0, 0, 0, 0),
(1717, 21, 15, 15, 0, 0, 0, 0, 0),
(1718, 21, 15, 16, 0, 0, 0, 0, 0),
(1719, 21, 15, 17, 0, 0, 0, 0, 0),
(1720, 21, 15, 18, 0, 0, 0, 0, 0),
(1721, 21, 15, 19, 0, 0, 0, 0, 0),
(1722, 21, 15, 20, 0, 0, 0, 0, 0),
(1723, 21, 15, 21, 0, 0, 0, 0, 0),
(1724, 21, 15, 22, 0, 0, 0, 0, 0),
(1725, 21, 15, 23, 0, 0, 0, 0, 0),
(1726, 21, 15, 24, 0, 0, 0, 0, 0),
(1727, 21, 15, 25, 0, 0, 0, 0, 0),
(1728, 21, 15, 26, 0, 0, 0, 0, 0),
(1729, 21, 15, 27, 0, 0, 0, 0, 0),
(1730, 21, 15, 28, 0, 0, 0, 0, 0),
(1731, 21, 15, 29, 0, 0, 0, 0, 0),
(1732, 21, 15, 30, 0, 0, 0, 0, 0),
(1733, 21, 15, 31, 0, 0, 0, 0, 0),
(1734, 21, 15, 32, 0, 0, 0, 0, 0),
(1735, 21, 15, 33, 0, 0, 0, 0, 0),
(1736, 21, 15, 34, 0, 0, 0, 0, 0),
(1737, 21, 15, 35, 0, 0, 0, 0, 0),
(1738, 21, 15, 36, 0, 0, 0, 0, 0),
(1739, 21, 15, 37, 0, 0, 0, 0, 0),
(1740, 19, 2, 1, 0, 0, 0, 0, 0),
(1741, 19, 2, 2, 0, 0, 0, 0, 0),
(1742, 19, 2, 3, 0, 0, 0, 0, 0),
(1743, 19, 2, 4, 0, 0, 0, 0, 0),
(1744, 19, 2, 5, 0, 0, 0, 0, 0),
(1745, 19, 2, 6, 0, 0, 0, 0, 0),
(1746, 19, 2, 7, 0, 0, 0, 0, 0),
(1747, 19, 2, 8, 0, 0, 0, 0, 0),
(1748, 19, 2, 9, 0, 0, 0, 0, 0),
(1749, 19, 2, 10, 0, 0, 0, 0, 0),
(1750, 19, 2, 11, 0, 0, 0, 0, 0),
(1751, 19, 2, 12, 0, 0, 0, 0, 0),
(1752, 19, 2, 13, 0, 0, 0, 0, 0),
(1753, 19, 2, 14, 0, 0, 0, 0, 0),
(1754, 19, 2, 15, 0, 0, 0, 0, 0),
(1755, 19, 2, 16, 0, 0, 0, 0, 0),
(1756, 19, 2, 17, 0, 0, 0, 0, 0),
(1757, 19, 2, 18, 0, 0, 0, 0, 0),
(1758, 19, 2, 19, 0, 0, 0, 0, 0),
(1759, 19, 2, 20, 0, 0, 0, 0, 0),
(1760, 19, 2, 21, 0, 0, 0, 0, 0),
(1761, 19, 2, 22, 0, 0, 0, 0, 0),
(1762, 19, 2, 23, 0, 0, 0, 0, 0),
(1763, 19, 2, 24, 0, 0, 0, 0, 0),
(1764, 19, 2, 25, 0, 0, 0, 0, 0),
(1765, 19, 2, 26, 0, 0, 0, 0, 0),
(1766, 19, 2, 27, 0, 0, 0, 0, 0),
(1767, 19, 2, 28, 0, 0, 0, 0, 0),
(1768, 19, 2, 29, 0, 0, 0, 0, 0),
(1769, 19, 2, 30, 0, 0, 0, 0, 0),
(1770, 19, 2, 31, 0, 0, 0, 0, 0),
(1771, 19, 2, 32, 0, 0, 0, 0, 0),
(1772, 19, 2, 33, 0, 0, 0, 0, 0),
(1773, 19, 2, 34, 0, 0, 0, 0, 0),
(1774, 19, 2, 35, 0, 0, 0, 0, 0),
(1775, 19, 2, 36, 0, 0, 0, 0, 0),
(1776, 19, 2, 37, 0, 0, 0, 0, 0),
(1777, 20, 2, 1, 0, 0, 0, 0, 0),
(1778, 20, 2, 2, 0, 0, 0, 0, 0),
(1779, 20, 2, 3, 0, 0, 0, 0, 0),
(1780, 20, 2, 4, 0, 0, 0, 0, 0),
(1781, 20, 2, 5, 0, 0, 0, 0, 0),
(1782, 20, 2, 6, 0, 0, 0, 0, 0),
(1783, 20, 2, 7, 0, 0, 0, 0, 0),
(1784, 20, 2, 8, 0, 0, 0, 0, 0),
(1785, 20, 2, 9, 0, 0, 0, 0, 0),
(1786, 20, 2, 10, 0, 0, 0, 0, 0),
(1787, 20, 2, 11, 0, 0, 0, 0, 0),
(1788, 20, 2, 12, 0, 0, 0, 0, 0),
(1789, 20, 2, 13, 0, 0, 0, 0, 0),
(1790, 20, 2, 14, 0, 0, 0, 0, 0),
(1791, 20, 2, 15, 0, 0, 0, 0, 0),
(1792, 20, 2, 16, 0, 0, 0, 0, 0),
(1793, 20, 2, 17, 0, 0, 0, 0, 0),
(1794, 20, 2, 18, 0, 0, 0, 0, 0),
(1795, 20, 2, 19, 0, 0, 0, 0, 0),
(1796, 20, 2, 20, 0, 0, 0, 0, 0),
(1797, 20, 2, 21, 0, 0, 0, 0, 0),
(1798, 20, 2, 22, 0, 0, 0, 0, 0),
(1799, 20, 2, 23, 0, 0, 0, 0, 0),
(1800, 20, 2, 24, 0, 0, 0, 0, 0),
(1801, 20, 2, 25, 0, 0, 0, 0, 0),
(1802, 20, 2, 26, 0, 0, 0, 0, 0),
(1803, 20, 2, 27, 0, 0, 0, 0, 0),
(1804, 20, 2, 28, 0, 0, 0, 0, 0),
(1805, 20, 2, 29, 0, 0, 0, 0, 0),
(1806, 20, 2, 30, 0, 0, 0, 0, 0),
(1807, 20, 2, 31, 0, 0, 0, 0, 0),
(1808, 20, 2, 32, 0, 0, 0, 0, 0),
(1809, 20, 2, 33, 0, 0, 0, 0, 0),
(1810, 20, 2, 34, 0, 0, 0, 0, 0),
(1811, 20, 2, 35, 0, 0, 0, 0, 0),
(1812, 20, 2, 36, 0, 0, 0, 0, 0),
(1813, 20, 2, 37, 0, 0, 0, 0, 0),
(1814, 20, 16, 1, 0, 0, 0, 0, 0),
(1815, 20, 16, 2, 0, 0, 0, 0, 0),
(1816, 20, 16, 3, 0, 0, 0, 0, 0),
(1817, 20, 16, 4, 0, 0, 0, 0, 0),
(1818, 20, 16, 5, 0, 0, 0, 0, 0),
(1819, 20, 16, 6, 0, 0, 0, 0, 0),
(1820, 20, 16, 7, 0, 0, 0, 0, 0),
(1821, 20, 16, 8, 0, 0, 0, 0, 0),
(1822, 20, 16, 9, 0, 0, 0, 0, 0),
(1823, 20, 16, 10, 0, 0, 0, 0, 0),
(1824, 20, 16, 11, 0, 0, 0, 0, 0),
(1825, 20, 16, 12, 0, 0, 0, 0, 0),
(1826, 20, 16, 13, 0, 0, 0, 0, 0),
(1827, 20, 16, 14, 0, 0, 0, 0, 0),
(1828, 20, 16, 15, 0, 0, 0, 0, 0),
(1829, 20, 16, 16, 0, 0, 0, 0, 0),
(1830, 20, 16, 17, 0, 0, 0, 0, 0),
(1831, 20, 16, 18, 0, 0, 0, 0, 0),
(1832, 20, 16, 19, 0, 0, 0, 0, 0),
(1833, 20, 16, 20, 0, 0, 0, 0, 0),
(1834, 20, 16, 21, 0, 0, 0, 0, 0),
(1835, 20, 16, 22, 0, 0, 0, 0, 0),
(1836, 20, 16, 23, 0, 0, 0, 0, 0),
(1837, 20, 16, 24, 0, 0, 0, 0, 0),
(1838, 20, 16, 25, 0, 0, 0, 0, 0),
(1839, 20, 16, 26, 0, 0, 0, 0, 0),
(1840, 20, 16, 27, 0, 0, 0, 0, 0),
(1841, 20, 16, 28, 0, 0, 0, 0, 0),
(1842, 20, 16, 29, 0, 0, 0, 0, 0),
(1843, 20, 16, 30, 0, 0, 0, 0, 0),
(1844, 20, 16, 31, 0, 0, 0, 0, 0),
(1845, 20, 16, 32, 0, 0, 0, 0, 0),
(1846, 20, 16, 33, 0, 0, 0, 0, 0),
(1847, 20, 16, 34, 0, 0, 0, 0, 0),
(1848, 20, 16, 35, 0, 0, 0, 0, 0),
(1849, 20, 16, 36, 0, 0, 0, 0, 0),
(1850, 20, 16, 37, 0, 0, 0, 0, 0),
(1851, 16, 10, 1, 0, 0, 0, 0, 0),
(1852, 16, 10, 2, 0, 0, 0, 0, 0),
(1853, 16, 10, 3, 0, 0, 0, 0, 0),
(1854, 16, 10, 4, 0, 0, 0, 0, 0),
(1855, 16, 10, 5, 0, 0, 0, 0, 0),
(1856, 16, 10, 6, 0, 0, 0, 0, 0),
(1857, 16, 10, 7, 0, 0, 0, 0, 0),
(1858, 16, 10, 8, 0, 0, 0, 0, 0),
(1859, 16, 10, 9, 0, 0, 0, 0, 0),
(1860, 16, 10, 10, 0, 0, 0, 0, 0),
(1861, 16, 10, 11, 0, 0, 0, 0, 0),
(1862, 16, 10, 12, 0, 0, 0, 0, 0),
(1863, 16, 10, 13, 0, 0, 0, 0, 0),
(1864, 16, 10, 14, 0, 0, 0, 0, 0),
(1865, 16, 10, 15, 0, 0, 0, 0, 0),
(1866, 16, 10, 16, 0, 0, 0, 0, 0),
(1867, 16, 10, 17, 0, 0, 0, 0, 0),
(1868, 16, 10, 18, 0, 0, 0, 0, 0),
(1869, 16, 10, 19, 0, 0, 0, 0, 0),
(1870, 16, 10, 20, 0, 0, 0, 0, 0),
(1871, 16, 10, 21, 0, 0, 0, 0, 0),
(1872, 16, 10, 22, 0, 0, 0, 0, 0),
(1873, 16, 10, 23, 0, 0, 0, 0, 0),
(1874, 16, 10, 24, 0, 0, 0, 0, 0),
(1875, 16, 10, 25, 0, 0, 0, 0, 0),
(1876, 16, 10, 26, 0, 0, 0, 0, 0),
(1877, 16, 10, 27, 0, 0, 0, 0, 0),
(1878, 16, 10, 28, 0, 0, 0, 0, 0),
(1879, 16, 10, 29, 0, 0, 0, 0, 0),
(1880, 16, 10, 30, 0, 0, 0, 0, 0),
(1881, 16, 10, 31, 0, 0, 0, 0, 0),
(1882, 16, 10, 32, 0, 0, 0, 0, 0),
(1883, 16, 10, 33, 0, 0, 0, 0, 0),
(1884, 16, 10, 34, 0, 0, 0, 0, 0),
(1885, 16, 10, 35, 0, 0, 0, 0, 0),
(1886, 16, 10, 36, 0, 0, 0, 0, 0),
(1887, 16, 10, 37, 0, 0, 0, 0, 0),
(1888, 22, 17, 1, 0, 0, 0, 0, 0),
(1889, 22, 17, 2, 0, 0, 0, 0, 0),
(1890, 22, 17, 3, 0, 0, 0, 0, 0),
(1891, 22, 17, 4, 0, 0, 0, 0, 0),
(1892, 22, 17, 5, 0, 0, 0, 0, 0),
(1893, 22, 17, 6, 0, 0, 0, 0, 0),
(1894, 22, 17, 7, 0, 0, 0, 0, 0),
(1895, 22, 17, 8, 0, 0, 0, 0, 0),
(1896, 22, 17, 9, 0, 0, 0, 0, 0),
(1897, 22, 17, 10, 0, 0, 0, 0, 0),
(1898, 22, 17, 11, 0, 0, 0, 0, 0),
(1899, 22, 17, 12, 0, 0, 0, 0, 0),
(1900, 22, 17, 13, 0, 0, 0, 0, 0),
(1901, 22, 17, 14, 0, 0, 0, 0, 0),
(1902, 22, 17, 15, 0, 0, 0, 0, 0),
(1903, 22, 17, 16, 0, 0, 0, 0, 0),
(1904, 22, 17, 17, 0, 0, 0, 0, 0),
(1905, 22, 17, 18, 0, 0, 0, 0, 0),
(1906, 22, 17, 19, 0, 0, 0, 0, 0),
(1907, 22, 17, 20, 0, 0, 0, 0, 0),
(1908, 22, 17, 21, 0, 0, 0, 0, 0),
(1909, 22, 17, 22, 0, 0, 0, 0, 0),
(1910, 22, 17, 23, 0, 0, 0, 0, 0),
(1911, 22, 17, 24, 0, 0, 0, 0, 0),
(1912, 22, 17, 25, 0, 0, 0, 0, 0),
(1913, 22, 17, 26, 0, 0, 0, 0, 0),
(1914, 22, 17, 27, 0, 0, 0, 0, 0),
(1915, 22, 17, 28, 0, 0, 0, 0, 0),
(1916, 22, 17, 29, 0, 0, 0, 0, 0),
(1917, 22, 17, 30, 0, 0, 0, 0, 0),
(1918, 22, 17, 31, 0, 0, 0, 0, 0),
(1919, 22, 17, 32, 0, 0, 0, 0, 0),
(1920, 22, 17, 33, 0, 0, 0, 0, 0),
(1921, 22, 17, 34, 0, 0, 0, 0, 0),
(1922, 22, 17, 35, 0, 0, 0, 0, 0),
(1923, 22, 17, 36, 0, 0, 0, 0, 0),
(1924, 22, 17, 37, 0, 0, 0, 0, 0),
(1925, 22, 18, 1, 0, 0, 0, 0, 0),
(1926, 22, 18, 2, 0, 0, 0, 0, 0),
(1927, 22, 18, 3, 0, 0, 0, 0, 0),
(1928, 22, 18, 4, 0, 0, 0, 0, 0),
(1929, 22, 18, 5, 0, 0, 0, 0, 0),
(1930, 22, 18, 6, 0, 0, 0, 0, 0),
(1931, 22, 18, 7, 0, 0, 0, 0, 0),
(1932, 22, 18, 8, 0, 0, 0, 0, 0),
(1933, 22, 18, 9, 0, 0, 0, 0, 0),
(1934, 22, 18, 10, 0, 0, 0, 0, 0),
(1935, 22, 18, 11, 0, 0, 0, 0, 0),
(1936, 22, 18, 12, 0, 0, 0, 0, 0),
(1937, 22, 18, 13, 0, 0, 0, 0, 0),
(1938, 22, 18, 14, 0, 0, 0, 0, 0),
(1939, 22, 18, 15, 0, 0, 0, 0, 0),
(1940, 22, 18, 16, 0, 0, 0, 0, 0),
(1941, 22, 18, 17, 0, 0, 0, 0, 0),
(1942, 22, 18, 18, 0, 0, 0, 0, 0),
(1943, 22, 18, 19, 0, 0, 0, 0, 0),
(1944, 22, 18, 20, 0, 0, 0, 0, 0),
(1945, 22, 18, 21, 0, 0, 0, 0, 0),
(1946, 22, 18, 22, 0, 0, 0, 0, 0),
(1947, 22, 18, 23, 0, 0, 0, 0, 0),
(1948, 22, 18, 24, 0, 0, 0, 0, 0),
(1949, 22, 18, 25, 0, 0, 0, 0, 0),
(1950, 22, 18, 26, 0, 0, 0, 0, 0),
(1951, 22, 18, 27, 0, 0, 0, 0, 0),
(1952, 22, 18, 28, 0, 0, 0, 0, 0),
(1953, 22, 18, 29, 0, 0, 0, 0, 0),
(1954, 22, 18, 30, 0, 0, 0, 0, 0),
(1955, 22, 18, 31, 0, 0, 0, 0, 0),
(1956, 22, 18, 32, 0, 0, 0, 0, 0),
(1957, 22, 18, 33, 0, 0, 0, 0, 0),
(1958, 22, 18, 34, 0, 0, 0, 0, 0),
(1959, 22, 18, 35, 0, 0, 0, 0, 0),
(1960, 22, 18, 36, 0, 0, 0, 0, 0),
(1961, 22, 18, 37, 0, 0, 0, 0, 0),
(1962, 28, 1, 1, 0, 0, 0, 0, 0),
(1963, 28, 1, 2, 0, 0, 0, 0, 0),
(1964, 28, 1, 3, 0, 0, 0, 0, 0),
(1965, 28, 1, 4, 0, 0, 0, 0, 0),
(1966, 28, 1, 5, 0, 0, 0, 0, 0),
(1967, 28, 1, 6, 0, 0, 0, 0, 0),
(1968, 28, 1, 7, 0, 0, 0, 0, 0),
(1969, 28, 1, 8, 0, 0, 0, 0, 0),
(1970, 28, 1, 9, 0, 0, 0, 0, 0),
(1971, 28, 1, 10, 0, 0, 0, 0, 0),
(1972, 28, 1, 11, 0, 0, 0, 0, 0),
(1973, 28, 1, 12, 0, 0, 0, 0, 0),
(1974, 28, 1, 13, 0, 0, 0, 0, 0),
(1975, 28, 1, 14, 0, 0, 0, 0, 0),
(1976, 28, 1, 15, 0, 0, 0, 0, 0),
(1977, 28, 1, 16, 0, 0, 0, 0, 0),
(1978, 28, 1, 17, 0, 0, 0, 0, 0),
(1979, 28, 1, 18, 0, 0, 0, 0, 0),
(1980, 28, 1, 19, 0, 0, 0, 0, 0),
(1981, 28, 1, 20, 0, 0, 0, 0, 0),
(1982, 28, 1, 21, 0, 0, 0, 0, 0),
(1983, 28, 1, 22, 0, 0, 0, 0, 0),
(1984, 28, 1, 23, 0, 0, 0, 0, 0),
(1985, 28, 1, 24, 0, 0, 0, 0, 0),
(1986, 28, 1, 25, 0, 0, 0, 0, 0),
(1987, 28, 1, 26, 0, 0, 0, 0, 0),
(1988, 28, 1, 27, 0, 0, 0, 0, 0),
(1989, 28, 1, 28, 0, 0, 0, 0, 0),
(1990, 28, 1, 29, 0, 0, 0, 0, 0),
(1991, 28, 1, 30, 0, 0, 0, 0, 0),
(1992, 28, 1, 31, 0, 0, 0, 0, 0),
(1993, 28, 1, 32, 0, 0, 0, 0, 0),
(1994, 28, 1, 33, 0, 0, 0, 0, 0),
(1995, 28, 1, 34, 0, 0, 0, 0, 0),
(1996, 28, 1, 35, 0, 0, 0, 0, 0),
(1997, 28, 1, 36, 0, 0, 0, 0, 0),
(1998, 28, 1, 37, 0, 0, 0, 0, 0),
(1999, 29, 1, 1, 0, 0, 0, 0, 0),
(2000, 29, 1, 2, 0, 0, 0, 0, 0),
(2001, 29, 1, 3, 0, 0, 0, 0, 0),
(2002, 29, 1, 4, 0, 0, 0, 0, 0),
(2003, 29, 1, 5, 0, 0, 0, 0, 0),
(2004, 29, 1, 6, 0, 0, 0, 0, 0),
(2005, 29, 1, 7, 0, 0, 0, 0, 0),
(2006, 29, 1, 8, 0, 0, 0, 0, 0),
(2007, 29, 1, 9, 0, 0, 0, 0, 0),
(2008, 29, 1, 10, 0, 0, 0, 0, 0),
(2009, 29, 1, 11, 0, 0, 0, 0, 0),
(2010, 29, 1, 12, 0, 0, 0, 0, 0),
(2011, 29, 1, 13, 0, 0, 0, 0, 0),
(2012, 29, 1, 14, 0, 0, 0, 0, 0),
(2013, 29, 1, 15, 0, 0, 0, 0, 0),
(2014, 29, 1, 16, 0, 0, 0, 0, 0),
(2015, 29, 1, 17, 0, 0, 0, 0, 0),
(2016, 29, 1, 18, 0, 0, 0, 0, 0),
(2017, 29, 1, 19, 0, 0, 0, 0, 0),
(2018, 29, 1, 20, 0, 0, 0, 0, 0),
(2019, 29, 1, 21, 0, 0, 0, 0, 0),
(2020, 29, 1, 22, 0, 0, 0, 0, 0),
(2021, 29, 1, 23, 0, 0, 0, 0, 0),
(2022, 29, 1, 24, 0, 0, 0, 0, 0),
(2023, 29, 1, 25, 0, 0, 0, 0, 0),
(2024, 29, 1, 26, 0, 0, 0, 0, 0),
(2025, 29, 1, 27, 0, 0, 0, 0, 0),
(2026, 29, 1, 28, 0, 0, 0, 0, 0),
(2027, 29, 1, 29, 0, 0, 0, 0, 0),
(2028, 29, 1, 30, 0, 0, 0, 0, 0),
(2029, 29, 1, 31, 0, 0, 0, 0, 0),
(2030, 29, 1, 32, 0, 0, 0, 0, 0),
(2031, 29, 1, 33, 0, 0, 0, 0, 0),
(2032, 29, 1, 34, 0, 0, 0, 0, 0),
(2033, 29, 1, 35, 0, 0, 0, 0, 0),
(2034, 29, 1, 36, 0, 0, 0, 0, 0),
(2035, 29, 1, 37, 0, 0, 0, 0, 0),
(2036, 29, 19, 1, 0, 0, 0, 0, 0),
(2037, 29, 19, 2, 0, 0, 0, 0, 0),
(2038, 29, 19, 3, 0, 0, 0, 0, 0),
(2039, 29, 19, 4, 0, 0, 0, 0, 0),
(2040, 29, 19, 5, 0, 0, 0, 0, 0),
(2041, 29, 19, 6, 0, 0, 0, 0, 0),
(2042, 29, 19, 7, 0, 0, 0, 0, 0),
(2043, 29, 19, 8, 0, 0, 0, 0, 0),
(2044, 29, 19, 9, 0, 0, 0, 0, 0),
(2045, 29, 19, 10, 0, 0, 0, 0, 0),
(2046, 29, 19, 11, 0, 0, 0, 0, 0),
(2047, 29, 19, 12, 0, 0, 0, 0, 0),
(2048, 29, 19, 13, 0, 0, 0, 0, 0),
(2049, 29, 19, 14, 0, 0, 0, 0, 0),
(2050, 29, 19, 15, 0, 0, 0, 0, 0),
(2051, 29, 19, 16, 0, 0, 0, 0, 0),
(2052, 29, 19, 17, 0, 0, 0, 0, 0),
(2053, 29, 19, 18, 0, 0, 0, 0, 0),
(2054, 29, 19, 19, 0, 0, 0, 0, 0),
(2055, 29, 19, 20, 0, 0, 0, 0, 0),
(2056, 29, 19, 21, 0, 0, 0, 0, 0),
(2057, 29, 19, 22, 0, 0, 0, 0, 0),
(2058, 29, 19, 23, 0, 0, 0, 0, 0),
(2059, 29, 19, 24, 0, 0, 0, 0, 0),
(2060, 29, 19, 25, 0, 0, 0, 0, 0),
(2061, 29, 19, 26, 0, 0, 0, 0, 0),
(2062, 29, 19, 27, 0, 0, 0, 0, 0),
(2063, 29, 19, 28, 0, 0, 0, 0, 0),
(2064, 29, 19, 29, 0, 0, 0, 0, 0),
(2065, 29, 19, 30, 0, 0, 0, 0, 0),
(2066, 29, 19, 31, 0, 0, 0, 0, 0),
(2067, 29, 19, 32, 0, 0, 0, 0, 0),
(2068, 29, 19, 33, 0, 0, 0, 0, 0),
(2069, 29, 19, 34, 0, 0, 0, 0, 0),
(2070, 29, 19, 35, 0, 0, 0, 0, 0),
(2071, 29, 19, 36, 0, 0, 0, 0, 0),
(2072, 29, 19, 37, 0, 0, 0, 0, 0),
(2073, 44, 19, 1, 0, 0, 0, 0, 0),
(2074, 44, 19, 2, 0, 0, 0, 0, 0),
(2075, 44, 19, 3, 0, 0, 0, 0, 0),
(2076, 44, 19, 4, 0, 0, 0, 0, 0),
(2077, 44, 19, 5, 0, 0, 0, 0, 0),
(2078, 44, 19, 6, 0, 0, 0, 0, 0),
(2079, 44, 19, 7, 0, 0, 0, 0, 0),
(2080, 44, 19, 8, 0, 0, 0, 0, 0),
(2081, 44, 19, 9, 0, 0, 0, 0, 0),
(2082, 44, 19, 10, 0, 0, 0, 0, 0),
(2083, 44, 19, 11, 0, 0, 0, 0, 0),
(2084, 44, 19, 12, 0, 0, 0, 0, 0),
(2085, 44, 19, 13, 0, 0, 0, 0, 0),
(2086, 44, 19, 14, 0, 0, 0, 0, 0),
(2087, 44, 19, 15, 0, 0, 0, 0, 0),
(2088, 44, 19, 16, 0, 0, 0, 0, 0),
(2089, 44, 19, 17, 0, 0, 0, 0, 0),
(2090, 44, 19, 18, 0, 0, 0, 0, 0),
(2091, 44, 19, 19, 0, 0, 0, 0, 0),
(2092, 44, 19, 20, 0, 0, 0, 0, 0),
(2093, 44, 19, 21, 0, 0, 0, 0, 0),
(2094, 44, 19, 22, 0, 0, 0, 0, 0),
(2095, 44, 19, 23, 0, 0, 0, 0, 0),
(2096, 44, 19, 24, 0, 0, 0, 0, 0),
(2097, 44, 19, 25, 0, 0, 0, 0, 0),
(2098, 44, 19, 26, 0, 0, 0, 0, 0),
(2099, 44, 19, 27, 0, 0, 0, 0, 0),
(2100, 44, 19, 28, 0, 0, 0, 0, 0),
(2101, 44, 19, 29, 0, 0, 0, 0, 0),
(2102, 44, 19, 30, 0, 0, 0, 0, 0),
(2103, 44, 19, 31, 0, 0, 0, 0, 0),
(2104, 44, 19, 32, 0, 0, 0, 0, 0),
(2105, 44, 19, 33, 0, 0, 0, 0, 0),
(2106, 44, 19, 34, 0, 0, 0, 0, 0),
(2107, 44, 19, 35, 0, 0, 0, 0, 0),
(2108, 44, 19, 36, 0, 0, 0, 0, 0),
(2109, 44, 19, 37, 0, 0, 0, 0, 0),
(2110, 45, 19, 1, 0, 0, 0, 0, 0),
(2111, 45, 19, 2, 0, 0, 0, 0, 0),
(2112, 45, 19, 3, 0, 0, 0, 0, 0),
(2113, 45, 19, 4, 0, 0, 0, 0, 0),
(2114, 45, 19, 5, 0, 0, 0, 0, 0),
(2115, 45, 19, 6, 0, 0, 0, 0, 0),
(2116, 45, 19, 7, 0, 0, 0, 0, 0),
(2117, 45, 19, 8, 0, 0, 0, 0, 0),
(2118, 45, 19, 9, 0, 0, 0, 0, 0),
(2119, 45, 19, 10, 0, 0, 0, 0, 0),
(2120, 45, 19, 11, 0, 0, 0, 0, 0),
(2121, 45, 19, 12, 0, 0, 0, 0, 0),
(2122, 45, 19, 13, 0, 0, 0, 0, 0),
(2123, 45, 19, 14, 0, 0, 0, 0, 0),
(2124, 45, 19, 15, 0, 0, 0, 0, 0),
(2125, 45, 19, 16, 0, 0, 0, 0, 0),
(2126, 45, 19, 17, 0, 0, 0, 0, 0),
(2127, 45, 19, 18, 0, 0, 0, 0, 0),
(2128, 45, 19, 19, 0, 0, 0, 0, 0),
(2129, 45, 19, 20, 0, 0, 0, 0, 0),
(2130, 45, 19, 21, 0, 0, 0, 0, 0),
(2131, 45, 19, 22, 0, 0, 0, 0, 0),
(2132, 45, 19, 23, 0, 0, 0, 0, 0),
(2133, 45, 19, 24, 0, 0, 0, 0, 0),
(2134, 45, 19, 25, 0, 0, 0, 0, 0),
(2135, 45, 19, 26, 0, 0, 0, 0, 0),
(2136, 45, 19, 27, 0, 0, 0, 0, 0),
(2137, 45, 19, 28, 0, 0, 0, 0, 0),
(2138, 45, 19, 29, 0, 0, 0, 0, 0),
(2139, 45, 19, 30, 0, 0, 0, 0, 0),
(2140, 45, 19, 31, 0, 0, 0, 0, 0),
(2141, 45, 19, 32, 0, 0, 0, 0, 0),
(2142, 45, 19, 33, 0, 0, 0, 0, 0),
(2143, 45, 19, 34, 0, 0, 0, 0, 0),
(2144, 45, 19, 35, 0, 0, 0, 0, 0),
(2145, 45, 19, 36, 0, 0, 0, 0, 0),
(2146, 45, 19, 37, 0, 0, 0, 0, 0),
(2147, 26, 20, 1, 0, 0, 0, 0, 0),
(2148, 26, 20, 2, 0, 0, 0, 0, 0),
(2149, 26, 20, 3, 0, 0, 0, 0, 0),
(2150, 26, 20, 4, 0, 0, 0, 0, 0),
(2151, 26, 20, 5, 0, 0, 0, 0, 0),
(2152, 26, 20, 6, 0, 0, 0, 0, 0),
(2153, 26, 20, 7, 0, 0, 0, 0, 0),
(2154, 26, 20, 8, 0, 0, 0, 0, 0),
(2155, 26, 20, 9, 0, 0, 0, 0, 0),
(2156, 26, 20, 10, 0, 0, 0, 0, 0),
(2157, 26, 20, 11, 0, 0, 0, 0, 0),
(2158, 26, 20, 12, 0, 0, 0, 0, 0),
(2159, 26, 20, 13, 0, 0, 0, 0, 0),
(2160, 26, 20, 14, 0, 0, 0, 0, 0),
(2161, 26, 20, 15, 0, 0, 0, 0, 0),
(2162, 26, 20, 16, 0, 0, 0, 0, 0),
(2163, 26, 20, 17, 0, 0, 0, 0, 0),
(2164, 26, 20, 18, 0, 0, 0, 0, 0),
(2165, 26, 20, 19, 0, 0, 0, 0, 0),
(2166, 26, 20, 20, 0, 0, 0, 0, 0),
(2167, 26, 20, 21, 0, 0, 0, 0, 0),
(2168, 26, 20, 22, 0, 0, 0, 0, 0),
(2169, 26, 20, 23, 0, 0, 0, 0, 0),
(2170, 26, 20, 24, 0, 0, 0, 0, 0),
(2171, 26, 20, 25, 0, 0, 0, 0, 0),
(2172, 26, 20, 26, 0, 0, 0, 0, 0),
(2173, 26, 20, 27, 0, 0, 0, 0, 0),
(2174, 26, 20, 28, 0, 0, 0, 0, 0),
(2175, 26, 20, 29, 0, 0, 0, 0, 0),
(2176, 26, 20, 30, 0, 0, 0, 0, 0),
(2177, 26, 20, 31, 0, 0, 0, 0, 0),
(2178, 26, 20, 32, 0, 0, 0, 0, 0),
(2179, 26, 20, 33, 0, 0, 0, 0, 0),
(2180, 26, 20, 34, 0, 0, 0, 0, 0),
(2181, 26, 20, 35, 0, 0, 0, 0, 0),
(2182, 26, 20, 36, 0, 0, 0, 0, 0),
(2183, 26, 20, 37, 0, 0, 0, 0, 0),
(2184, 42, 20, 1, 0, 0, 0, 0, 0),
(2185, 42, 20, 2, 0, 0, 0, 0, 0),
(2186, 42, 20, 3, 0, 0, 0, 0, 0),
(2187, 42, 20, 4, 0, 0, 0, 0, 0),
(2188, 42, 20, 5, 0, 0, 0, 0, 0),
(2189, 42, 20, 6, 0, 0, 0, 0, 0),
(2190, 42, 20, 7, 0, 0, 0, 0, 0),
(2191, 42, 20, 8, 0, 0, 0, 0, 0),
(2192, 42, 20, 9, 0, 0, 0, 0, 0),
(2193, 42, 20, 10, 0, 0, 0, 0, 0),
(2194, 42, 20, 11, 0, 0, 0, 0, 0),
(2195, 42, 20, 12, 0, 0, 0, 0, 0),
(2196, 42, 20, 13, 0, 0, 0, 0, 0),
(2197, 42, 20, 14, 0, 0, 0, 0, 0),
(2198, 42, 20, 15, 0, 0, 0, 0, 0),
(2199, 42, 20, 16, 0, 0, 0, 0, 0),
(2200, 42, 20, 17, 0, 0, 0, 0, 0),
(2201, 42, 20, 18, 0, 0, 0, 0, 0),
(2202, 42, 20, 19, 0, 0, 0, 0, 0),
(2203, 42, 20, 20, 0, 0, 0, 0, 0),
(2204, 42, 20, 21, 0, 0, 0, 0, 0),
(2205, 42, 20, 22, 0, 0, 0, 0, 0),
(2206, 42, 20, 23, 0, 0, 0, 0, 0),
(2207, 42, 20, 24, 0, 0, 0, 0, 0),
(2208, 42, 20, 25, 0, 0, 0, 0, 0),
(2209, 42, 20, 26, 0, 0, 0, 0, 0),
(2210, 42, 20, 27, 0, 0, 0, 0, 0),
(2211, 42, 20, 28, 0, 0, 0, 0, 0),
(2212, 42, 20, 29, 0, 0, 0, 0, 0),
(2213, 42, 20, 30, 0, 0, 0, 0, 0),
(2214, 42, 20, 31, 0, 0, 0, 0, 0),
(2215, 42, 20, 32, 0, 0, 0, 0, 0),
(2216, 42, 20, 33, 0, 0, 0, 0, 0),
(2217, 42, 20, 34, 0, 0, 0, 0, 0),
(2218, 42, 20, 35, 0, 0, 0, 0, 0),
(2219, 42, 20, 36, 0, 0, 0, 0, 0),
(2220, 42, 20, 37, 0, 0, 0, 0, 0),
(2221, 27, 21, 1, 0, 0, 0, 0, 0),
(2222, 27, 21, 2, 0, 0, 0, 0, 0),
(2223, 27, 21, 3, 0, 0, 0, 0, 0),
(2224, 27, 21, 4, 0, 0, 0, 0, 0),
(2225, 27, 21, 5, 0, 0, 0, 0, 0),
(2226, 27, 21, 6, 0, 0, 0, 0, 0),
(2227, 27, 21, 7, 0, 0, 0, 0, 0),
(2228, 27, 21, 8, 0, 0, 0, 0, 0),
(2229, 27, 21, 9, 0, 0, 0, 0, 0),
(2230, 27, 21, 10, 0, 0, 0, 0, 0),
(2231, 27, 21, 11, 0, 0, 0, 0, 0),
(2232, 27, 21, 12, 0, 0, 0, 0, 0),
(2233, 27, 21, 13, 0, 0, 0, 0, 0),
(2234, 27, 21, 14, 0, 0, 0, 0, 0),
(2235, 27, 21, 15, 0, 0, 0, 0, 0),
(2236, 27, 21, 16, 0, 0, 0, 0, 0),
(2237, 27, 21, 17, 0, 0, 0, 0, 0),
(2238, 27, 21, 18, 0, 0, 0, 0, 0),
(2239, 27, 21, 19, 0, 0, 0, 0, 0),
(2240, 27, 21, 20, 0, 0, 0, 0, 0),
(2241, 27, 21, 21, 0, 0, 0, 0, 0),
(2242, 27, 21, 22, 0, 0, 0, 0, 0),
(2243, 27, 21, 23, 0, 0, 0, 0, 0),
(2244, 27, 21, 24, 0, 0, 0, 0, 0),
(2245, 27, 21, 25, 0, 0, 0, 0, 0),
(2246, 27, 21, 26, 0, 0, 0, 0, 0),
(2247, 27, 21, 27, 0, 0, 0, 0, 0),
(2248, 27, 21, 28, 0, 0, 0, 0, 0),
(2249, 27, 21, 29, 0, 0, 0, 0, 0),
(2250, 27, 21, 30, 0, 0, 0, 0, 0),
(2251, 27, 21, 31, 0, 0, 0, 0, 0),
(2252, 27, 21, 32, 0, 0, 0, 0, 0),
(2253, 27, 21, 33, 0, 0, 0, 0, 0),
(2254, 27, 21, 34, 0, 0, 0, 0, 0),
(2255, 27, 21, 35, 0, 0, 0, 0, 0),
(2256, 27, 21, 36, 0, 0, 0, 0, 0),
(2257, 27, 21, 37, 0, 0, 0, 0, 0),
(2258, 41, 21, 1, 0, 0, 0, 0, 0),
(2259, 41, 21, 2, 0, 0, 0, 0, 0),
(2260, 41, 21, 3, 0, 0, 0, 0, 0),
(2261, 41, 21, 4, 0, 0, 0, 0, 0),
(2262, 41, 21, 5, 0, 0, 0, 0, 0),
(2263, 41, 21, 6, 0, 0, 0, 0, 0),
(2264, 41, 21, 7, 0, 0, 0, 0, 0),
(2265, 41, 21, 8, 0, 0, 0, 0, 0),
(2266, 41, 21, 9, 0, 0, 0, 0, 0),
(2267, 41, 21, 10, 0, 0, 0, 0, 0),
(2268, 41, 21, 11, 0, 0, 0, 0, 0),
(2269, 41, 21, 12, 0, 0, 0, 0, 0),
(2270, 41, 21, 13, 0, 0, 0, 0, 0),
(2271, 41, 21, 14, 0, 0, 0, 0, 0),
(2272, 41, 21, 15, 0, 0, 0, 0, 0),
(2273, 41, 21, 16, 0, 0, 0, 0, 0),
(2274, 41, 21, 17, 0, 0, 0, 0, 0),
(2275, 41, 21, 18, 0, 0, 0, 0, 0),
(2276, 41, 21, 19, 0, 0, 0, 0, 0),
(2277, 41, 21, 20, 0, 0, 0, 0, 0),
(2278, 41, 21, 21, 0, 0, 0, 0, 0),
(2279, 41, 21, 22, 0, 0, 0, 0, 0),
(2280, 41, 21, 23, 0, 0, 0, 0, 0),
(2281, 41, 21, 24, 0, 0, 0, 0, 0),
(2282, 41, 21, 25, 0, 0, 0, 0, 0),
(2283, 41, 21, 26, 0, 0, 0, 0, 0),
(2284, 41, 21, 27, 0, 0, 0, 0, 0),
(2285, 41, 21, 28, 0, 0, 0, 0, 0),
(2286, 41, 21, 29, 0, 0, 0, 0, 0),
(2287, 41, 21, 30, 0, 0, 0, 0, 0),
(2288, 41, 21, 31, 0, 0, 0, 0, 0),
(2289, 41, 21, 32, 0, 0, 0, 0, 0),
(2290, 41, 21, 33, 0, 0, 0, 0, 0),
(2291, 41, 21, 34, 0, 0, 0, 0, 0),
(2292, 41, 21, 35, 0, 0, 0, 0, 0),
(2293, 41, 21, 36, 0, 0, 0, 0, 0),
(2294, 41, 21, 37, 0, 0, 0, 0, 0),
(2295, 27, 22, 1, 0, 0, 0, 0, 0),
(2296, 27, 22, 2, 0, 0, 0, 0, 0),
(2297, 27, 22, 3, 0, 0, 0, 0, 0),
(2298, 27, 22, 4, 0, 0, 0, 0, 0),
(2299, 27, 22, 5, 0, 0, 0, 0, 0),
(2300, 27, 22, 6, 0, 0, 0, 0, 0),
(2301, 27, 22, 7, 0, 0, 0, 0, 0),
(2302, 27, 22, 8, 0, 0, 0, 0, 0),
(2303, 27, 22, 9, 0, 0, 0, 0, 0),
(2304, 27, 22, 10, 0, 0, 0, 0, 0),
(2305, 27, 22, 11, 0, 0, 0, 0, 0),
(2306, 27, 22, 12, 0, 0, 0, 0, 0),
(2307, 27, 22, 13, 0, 0, 0, 0, 0),
(2308, 27, 22, 14, 0, 0, 0, 0, 0),
(2309, 27, 22, 15, 0, 0, 0, 0, 0),
(2310, 27, 22, 16, 0, 0, 0, 0, 0),
(2311, 27, 22, 17, 0, 0, 0, 0, 0),
(2312, 27, 22, 18, 0, 0, 0, 0, 0),
(2313, 27, 22, 19, 0, 0, 0, 0, 0),
(2314, 27, 22, 20, 0, 0, 0, 0, 0),
(2315, 27, 22, 21, 0, 0, 0, 0, 0),
(2316, 27, 22, 22, 0, 0, 0, 0, 0),
(2317, 27, 22, 23, 0, 0, 0, 0, 0),
(2318, 27, 22, 24, 0, 0, 0, 0, 0),
(2319, 27, 22, 25, 0, 0, 0, 0, 0),
(2320, 27, 22, 26, 0, 0, 0, 0, 0),
(2321, 27, 22, 27, 0, 0, 0, 0, 0),
(2322, 27, 22, 28, 0, 0, 0, 0, 0),
(2323, 27, 22, 29, 0, 0, 0, 0, 0),
(2324, 27, 22, 30, 0, 0, 0, 0, 0),
(2325, 27, 22, 31, 0, 0, 0, 0, 0),
(2326, 27, 22, 32, 0, 0, 0, 0, 0),
(2327, 27, 22, 33, 0, 0, 0, 0, 0),
(2328, 27, 22, 34, 0, 0, 0, 0, 0),
(2329, 27, 22, 35, 0, 0, 0, 0, 0),
(2330, 27, 22, 36, 0, 0, 0, 0, 0),
(2331, 27, 22, 37, 0, 0, 0, 0, 0),
(2332, 32, 6, 1, 0, 0, 0, 0, 0),
(2333, 32, 6, 2, 0, 0, 0, 0, 0),
(2334, 32, 6, 3, 0, 0, 0, 0, 0),
(2335, 32, 6, 4, 0, 0, 0, 0, 0),
(2336, 32, 6, 5, 0, 0, 0, 0, 0),
(2337, 32, 6, 6, 0, 0, 0, 0, 0),
(2338, 32, 6, 7, 0, 0, 0, 0, 0),
(2339, 32, 6, 8, 0, 0, 0, 0, 0),
(2340, 32, 6, 9, 0, 0, 0, 0, 0),
(2341, 32, 6, 10, 0, 0, 0, 0, 0),
(2342, 32, 6, 11, 0, 0, 0, 0, 0),
(2343, 32, 6, 12, 0, 0, 0, 0, 0),
(2344, 32, 6, 13, 0, 0, 0, 0, 0),
(2345, 32, 6, 14, 0, 0, 0, 0, 0),
(2346, 32, 6, 15, 0, 0, 0, 0, 0),
(2347, 32, 6, 16, 0, 0, 0, 0, 0),
(2348, 32, 6, 17, 0, 0, 0, 0, 0),
(2349, 32, 6, 18, 0, 0, 0, 0, 0),
(2350, 32, 6, 19, 0, 0, 0, 0, 0),
(2351, 32, 6, 20, 0, 0, 0, 0, 0),
(2352, 32, 6, 21, 0, 0, 0, 0, 0),
(2353, 32, 6, 22, 0, 0, 0, 0, 0),
(2354, 32, 6, 23, 0, 0, 0, 0, 0),
(2355, 32, 6, 24, 0, 0, 0, 0, 0),
(2356, 32, 6, 25, 0, 0, 0, 0, 0),
(2357, 32, 6, 26, 0, 0, 0, 0, 0),
(2358, 32, 6, 27, 0, 0, 0, 0, 0),
(2359, 32, 6, 28, 0, 0, 0, 0, 0),
(2360, 32, 6, 29, 0, 0, 0, 0, 0),
(2361, 32, 6, 30, 0, 0, 0, 0, 0),
(2362, 32, 6, 31, 0, 0, 0, 0, 0),
(2363, 32, 6, 32, 0, 0, 0, 0, 0),
(2364, 32, 6, 33, 0, 0, 0, 0, 0),
(2365, 32, 6, 34, 0, 0, 0, 0, 0),
(2366, 32, 6, 35, 0, 0, 0, 0, 0),
(2367, 32, 6, 36, 0, 0, 0, 0, 0),
(2368, 32, 6, 37, 0, 0, 0, 0, 0),
(2369, 30, 6, 1, 0, 0, 0, 0, 0),
(2370, 30, 6, 2, 0, 0, 0, 0, 0),
(2371, 30, 6, 3, 0, 0, 0, 0, 0),
(2372, 30, 6, 4, 0, 0, 0, 0, 0),
(2373, 30, 6, 5, 0, 0, 0, 0, 0),
(2374, 30, 6, 6, 0, 0, 0, 0, 0),
(2375, 30, 6, 7, 0, 0, 0, 0, 0),
(2376, 30, 6, 8, 0, 0, 0, 0, 0),
(2377, 30, 6, 9, 0, 0, 0, 0, 0),
(2378, 30, 6, 10, 0, 0, 0, 0, 0),
(2379, 30, 6, 11, 0, 0, 0, 0, 0),
(2380, 30, 6, 12, 0, 0, 0, 0, 0),
(2381, 30, 6, 13, 0, 0, 0, 0, 0),
(2382, 30, 6, 14, 0, 0, 0, 0, 0),
(2383, 30, 6, 15, 0, 0, 0, 0, 0),
(2384, 30, 6, 16, 0, 0, 0, 0, 0),
(2385, 30, 6, 17, 0, 0, 0, 0, 0),
(2386, 30, 6, 18, 0, 0, 0, 0, 0),
(2387, 30, 6, 19, 0, 0, 0, 0, 0),
(2388, 30, 6, 20, 0, 0, 0, 0, 0),
(2389, 30, 6, 21, 0, 0, 0, 0, 0),
(2390, 30, 6, 22, 0, 0, 0, 0, 0),
(2391, 30, 6, 23, 0, 0, 0, 0, 0),
(2392, 30, 6, 24, 0, 0, 0, 0, 0),
(2393, 30, 6, 25, 0, 0, 0, 0, 0),
(2394, 30, 6, 26, 0, 0, 0, 0, 0),
(2395, 30, 6, 27, 0, 0, 0, 0, 0),
(2396, 30, 6, 28, 0, 0, 0, 0, 0),
(2397, 30, 6, 29, 0, 0, 0, 0, 0),
(2398, 30, 6, 30, 0, 0, 0, 0, 0),
(2399, 30, 6, 31, 0, 0, 0, 0, 0),
(2400, 30, 6, 32, 0, 0, 0, 0, 0),
(2401, 30, 6, 33, 0, 0, 0, 0, 0),
(2402, 30, 6, 34, 0, 0, 0, 0, 0),
(2403, 30, 6, 35, 0, 0, 0, 0, 0),
(2404, 30, 6, 36, 0, 0, 0, 0, 0),
(2405, 30, 6, 37, 0, 0, 0, 0, 0),
(2406, 33, 12, 1, 0, 0, 0, 0, 0),
(2407, 33, 12, 2, 0, 0, 0, 0, 0),
(2408, 33, 12, 3, 0, 0, 0, 0, 0),
(2409, 33, 12, 4, 0, 0, 0, 0, 0),
(2410, 33, 12, 5, 0, 0, 0, 0, 0),
(2411, 33, 12, 6, 0, 0, 0, 0, 0),
(2412, 33, 12, 7, 0, 0, 0, 0, 0),
(2413, 33, 12, 8, 0, 0, 0, 0, 0),
(2414, 33, 12, 9, 0, 0, 0, 0, 0),
(2415, 33, 12, 10, 0, 0, 0, 0, 0),
(2416, 33, 12, 11, 0, 0, 0, 0, 0),
(2417, 33, 12, 12, 0, 0, 0, 0, 0),
(2418, 33, 12, 13, 0, 0, 0, 0, 0),
(2419, 33, 12, 14, 0, 0, 0, 0, 0),
(2420, 33, 12, 15, 0, 0, 0, 0, 0),
(2421, 33, 12, 16, 0, 0, 0, 0, 0),
(2422, 33, 12, 17, 0, 0, 0, 0, 0),
(2423, 33, 12, 18, 0, 0, 0, 0, 0),
(2424, 33, 12, 19, 0, 0, 0, 0, 0),
(2425, 33, 12, 20, 0, 0, 0, 0, 0),
(2426, 33, 12, 21, 0, 0, 0, 0, 0),
(2427, 33, 12, 22, 0, 0, 0, 0, 0),
(2428, 33, 12, 23, 0, 0, 0, 0, 0),
(2429, 33, 12, 24, 0, 0, 0, 0, 0),
(2430, 33, 12, 25, 0, 0, 0, 0, 0),
(2431, 33, 12, 26, 0, 0, 0, 0, 0),
(2432, 33, 12, 27, 0, 0, 0, 0, 0),
(2433, 33, 12, 28, 0, 0, 0, 0, 0),
(2434, 33, 12, 29, 0, 0, 0, 0, 0),
(2435, 33, 12, 30, 0, 0, 0, 0, 0),
(2436, 33, 12, 31, 0, 0, 0, 0, 0),
(2437, 33, 12, 32, 0, 0, 0, 0, 0),
(2438, 33, 12, 33, 0, 0, 0, 0, 0),
(2439, 33, 12, 34, 0, 0, 0, 0, 0),
(2440, 33, 12, 35, 0, 0, 0, 0, 0),
(2441, 33, 12, 36, 0, 0, 0, 0, 0),
(2442, 33, 12, 37, 0, 0, 0, 0, 0),
(2443, 31, 23, 1, 0, 0, 0, 0, 0),
(2444, 31, 23, 2, 0, 0, 0, 0, 0),
(2445, 31, 23, 3, 0, 0, 0, 0, 0),
(2446, 31, 23, 4, 0, 0, 0, 0, 0),
(2447, 31, 23, 5, 0, 0, 0, 0, 0),
(2448, 31, 23, 6, 0, 0, 0, 0, 0),
(2449, 31, 23, 7, 0, 0, 0, 0, 0),
(2450, 31, 23, 8, 0, 0, 0, 0, 0),
(2451, 31, 23, 9, 0, 0, 0, 0, 0),
(2452, 31, 23, 10, 0, 0, 0, 0, 0),
(2453, 31, 23, 11, 0, 0, 0, 0, 0),
(2454, 31, 23, 12, 0, 0, 0, 0, 0),
(2455, 31, 23, 13, 0, 0, 0, 0, 0),
(2456, 31, 23, 14, 0, 0, 0, 0, 0),
(2457, 31, 23, 15, 0, 0, 0, 0, 0),
(2458, 31, 23, 16, 0, 0, 0, 0, 0),
(2459, 31, 23, 17, 0, 0, 0, 0, 0),
(2460, 31, 23, 18, 0, 0, 0, 0, 0),
(2461, 31, 23, 19, 0, 0, 0, 0, 0),
(2462, 31, 23, 20, 0, 0, 0, 0, 0),
(2463, 31, 23, 21, 0, 0, 0, 0, 0),
(2464, 31, 23, 22, 0, 0, 0, 0, 0),
(2465, 31, 23, 23, 0, 0, 0, 0, 0),
(2466, 31, 23, 24, 0, 0, 0, 0, 0),
(2467, 31, 23, 25, 0, 0, 0, 0, 0),
(2468, 31, 23, 26, 0, 0, 0, 0, 0),
(2469, 31, 23, 27, 0, 0, 0, 0, 0),
(2470, 31, 23, 28, 0, 0, 0, 0, 0),
(2471, 31, 23, 29, 0, 0, 0, 0, 0),
(2472, 31, 23, 30, 0, 0, 0, 0, 0),
(2473, 31, 23, 31, 0, 0, 0, 0, 0),
(2474, 31, 23, 32, 0, 0, 0, 0, 0),
(2475, 31, 23, 33, 0, 0, 0, 0, 0),
(2476, 31, 23, 34, 0, 0, 0, 0, 0),
(2477, 31, 23, 35, 0, 0, 0, 0, 0),
(2478, 31, 23, 36, 0, 0, 0, 0, 0),
(2479, 31, 23, 37, 0, 0, 0, 0, 0),
(2480, 33, 24, 1, 0, 0, 0, 0, 0),
(2481, 33, 24, 2, 0, 0, 0, 0, 0),
(2482, 33, 24, 3, 0, 0, 0, 0, 0),
(2483, 33, 24, 4, 0, 0, 0, 0, 0),
(2484, 33, 24, 5, 0, 0, 0, 0, 0),
(2485, 33, 24, 6, 0, 0, 0, 0, 0),
(2486, 33, 24, 7, 0, 0, 0, 0, 0),
(2487, 33, 24, 8, 0, 0, 0, 0, 0),
(2488, 33, 24, 9, 0, 0, 0, 0, 0),
(2489, 33, 24, 10, 0, 0, 0, 0, 0),
(2490, 33, 24, 11, 0, 0, 0, 0, 0),
(2491, 33, 24, 12, 0, 0, 0, 0, 0),
(2492, 33, 24, 13, 0, 0, 0, 0, 0),
(2493, 33, 24, 14, 0, 0, 0, 0, 0),
(2494, 33, 24, 15, 0, 0, 0, 0, 0),
(2495, 33, 24, 16, 0, 0, 0, 0, 0),
(2496, 33, 24, 17, 0, 0, 0, 0, 0),
(2497, 33, 24, 18, 0, 0, 0, 0, 0),
(2498, 33, 24, 19, 0, 0, 0, 0, 0),
(2499, 33, 24, 20, 0, 0, 0, 0, 0),
(2500, 33, 24, 21, 0, 0, 0, 0, 0),
(2501, 33, 24, 22, 0, 0, 0, 0, 0),
(2502, 33, 24, 23, 0, 0, 0, 0, 0),
(2503, 33, 24, 24, 0, 0, 0, 0, 0),
(2504, 33, 24, 25, 0, 0, 0, 0, 0),
(2505, 33, 24, 26, 0, 0, 0, 0, 0),
(2506, 33, 24, 27, 0, 0, 0, 0, 0),
(2507, 33, 24, 28, 0, 0, 0, 0, 0),
(2508, 33, 24, 29, 0, 0, 0, 0, 0),
(2509, 33, 24, 30, 0, 0, 0, 0, 0),
(2510, 33, 24, 31, 0, 0, 0, 0, 0),
(2511, 33, 24, 32, 0, 0, 0, 0, 0),
(2512, 33, 24, 33, 0, 0, 0, 0, 0),
(2513, 33, 24, 34, 0, 0, 0, 0, 0),
(2514, 33, 24, 35, 0, 0, 0, 0, 0),
(2515, 33, 24, 36, 0, 0, 0, 0, 0),
(2516, 33, 24, 37, 0, 0, 0, 0, 0),
(2517, 31, 6, 1, 0, 0, 0, 0, 0),
(2518, 31, 6, 2, 0, 0, 0, 0, 0),
(2519, 31, 6, 3, 0, 0, 0, 0, 0),
(2520, 31, 6, 4, 0, 0, 0, 0, 0),
(2521, 31, 6, 5, 0, 0, 0, 0, 0),
(2522, 31, 6, 6, 0, 0, 0, 0, 0),
(2523, 31, 6, 7, 0, 0, 0, 0, 0),
(2524, 31, 6, 8, 0, 0, 0, 0, 0),
(2525, 31, 6, 9, 0, 0, 0, 0, 0),
(2526, 31, 6, 10, 0, 0, 0, 0, 0),
(2527, 31, 6, 11, 0, 0, 0, 0, 0),
(2528, 31, 6, 12, 0, 0, 0, 0, 0),
(2529, 31, 6, 13, 0, 0, 0, 0, 0),
(2530, 31, 6, 14, 0, 0, 0, 0, 0),
(2531, 31, 6, 15, 0, 0, 0, 0, 0),
(2532, 31, 6, 16, 0, 0, 0, 0, 0),
(2533, 31, 6, 17, 0, 0, 0, 0, 0),
(2534, 31, 6, 18, 0, 0, 0, 0, 0),
(2535, 31, 6, 19, 0, 0, 0, 0, 0),
(2536, 31, 6, 20, 0, 0, 0, 0, 0),
(2537, 31, 6, 21, 0, 0, 0, 0, 0),
(2538, 31, 6, 22, 0, 0, 0, 0, 0),
(2539, 31, 6, 23, 0, 0, 0, 0, 0),
(2540, 31, 6, 24, 0, 0, 0, 0, 0),
(2541, 31, 6, 25, 0, 0, 0, 0, 0),
(2542, 31, 6, 26, 0, 0, 0, 0, 0),
(2543, 31, 6, 27, 0, 0, 0, 0, 0),
(2544, 31, 6, 28, 0, 0, 0, 0, 0),
(2545, 31, 6, 29, 0, 0, 0, 0, 0),
(2546, 31, 6, 30, 0, 0, 0, 0, 0),
(2547, 31, 6, 31, 0, 0, 0, 0, 0),
(2548, 31, 6, 32, 0, 0, 0, 0, 0),
(2549, 31, 6, 33, 0, 0, 0, 0, 0),
(2550, 31, 6, 34, 0, 0, 0, 0, 0),
(2551, 31, 6, 35, 0, 0, 0, 0, 0),
(2552, 31, 6, 36, 0, 0, 0, 0, 0),
(2553, 31, 6, 37, 0, 0, 0, 0, 0),
(2554, 24, 2, 1, 0, 0, 0, 0, 0),
(2555, 24, 2, 2, 0, 0, 0, 0, 0),
(2556, 24, 2, 3, 0, 0, 0, 0, 0),
(2557, 24, 2, 4, 0, 0, 0, 0, 0),
(2558, 24, 2, 5, 0, 0, 0, 0, 0),
(2559, 24, 2, 6, 0, 0, 0, 0, 0),
(2560, 24, 2, 7, 0, 0, 0, 0, 0),
(2561, 24, 2, 8, 0, 0, 0, 0, 0),
(2562, 24, 2, 9, 0, 0, 0, 0, 0),
(2563, 24, 2, 10, 0, 0, 0, 0, 0),
(2564, 24, 2, 11, 0, 0, 0, 0, 0),
(2565, 24, 2, 12, 0, 0, 0, 0, 0),
(2566, 24, 2, 13, 0, 0, 0, 0, 0),
(2567, 24, 2, 14, 0, 0, 0, 0, 0),
(2568, 24, 2, 15, 0, 0, 0, 0, 0),
(2569, 24, 2, 16, 0, 0, 0, 0, 0),
(2570, 24, 2, 17, 0, 0, 0, 0, 0),
(2571, 24, 2, 18, 0, 0, 0, 0, 0),
(2572, 24, 2, 19, 0, 0, 0, 0, 0),
(2573, 24, 2, 20, 0, 0, 0, 0, 0),
(2574, 24, 2, 21, 0, 0, 0, 0, 0),
(2575, 24, 2, 22, 0, 0, 0, 0, 0),
(2576, 24, 2, 23, 0, 0, 0, 0, 0),
(2577, 24, 2, 24, 0, 0, 0, 0, 0),
(2578, 24, 2, 25, 0, 0, 0, 0, 0),
(2579, 24, 2, 26, 0, 0, 0, 0, 0),
(2580, 24, 2, 27, 0, 0, 0, 0, 0),
(2581, 24, 2, 28, 0, 0, 0, 0, 0),
(2582, 24, 2, 29, 0, 0, 0, 0, 0),
(2583, 24, 2, 30, 0, 0, 0, 0, 0),
(2584, 24, 2, 31, 0, 0, 0, 0, 0),
(2585, 24, 2, 32, 0, 0, 0, 0, 0),
(2586, 24, 2, 33, 0, 0, 0, 0, 0),
(2587, 24, 2, 34, 0, 0, 0, 0, 0),
(2588, 24, 2, 35, 0, 0, 0, 0, 0),
(2589, 24, 2, 36, 0, 0, 0, 0, 0),
(2590, 24, 2, 37, 0, 0, 0, 0, 0),
(2591, 25, 25, 1, 0, 0, 0, 0, 0),
(2592, 25, 25, 2, 0, 0, 0, 0, 0),
(2593, 25, 25, 3, 0, 0, 0, 0, 0),
(2594, 25, 25, 4, 0, 0, 0, 0, 0),
(2595, 25, 25, 5, 0, 0, 0, 0, 0),
(2596, 25, 25, 6, 0, 0, 0, 0, 0),
(2597, 25, 25, 7, 0, 0, 0, 0, 0),
(2598, 25, 25, 8, 0, 0, 0, 0, 0),
(2599, 25, 25, 9, 0, 0, 0, 0, 0),
(2600, 25, 25, 10, 0, 0, 0, 0, 0),
(2601, 25, 25, 11, 0, 0, 0, 0, 0),
(2602, 25, 25, 12, 0, 0, 0, 0, 0),
(2603, 25, 25, 13, 0, 0, 0, 0, 0),
(2604, 25, 25, 14, 0, 0, 0, 0, 0),
(2605, 25, 25, 15, 0, 0, 0, 0, 0),
(2606, 25, 25, 16, 0, 0, 0, 0, 0),
(2607, 25, 25, 17, 0, 0, 0, 0, 0),
(2608, 25, 25, 18, 0, 0, 0, 0, 0),
(2609, 25, 25, 19, 0, 0, 0, 0, 0),
(2610, 25, 25, 20, 0, 0, 0, 0, 0),
(2611, 25, 25, 21, 0, 0, 0, 0, 0),
(2612, 25, 25, 22, 0, 0, 0, 0, 0),
(2613, 25, 25, 23, 0, 0, 0, 0, 0),
(2614, 25, 25, 24, 0, 0, 0, 0, 0),
(2615, 25, 25, 25, 0, 0, 0, 0, 0),
(2616, 25, 25, 26, 0, 0, 0, 0, 0),
(2617, 25, 25, 27, 0, 0, 0, 0, 0),
(2618, 25, 25, 28, 0, 0, 0, 0, 0),
(2619, 25, 25, 29, 0, 0, 0, 0, 0),
(2620, 25, 25, 30, 0, 0, 0, 0, 0),
(2621, 25, 25, 31, 0, 0, 0, 0, 0),
(2622, 25, 25, 32, 0, 0, 0, 0, 0),
(2623, 25, 25, 33, 0, 0, 0, 0, 0),
(2624, 25, 25, 34, 0, 0, 0, 0, 0),
(2625, 25, 25, 35, 0, 0, 0, 0, 0),
(2626, 25, 25, 36, 0, 0, 0, 0, 0),
(2627, 25, 25, 37, 0, 0, 0, 0, 0),
(2628, 57, 26, 1, 0, 0, 0, 0, 0),
(2629, 57, 26, 2, 0, 0, 0, 0, 0),
(2630, 57, 26, 3, 0, 0, 0, 0, 0),
(2631, 57, 26, 4, 0, 0, 0, 0, 0),
(2632, 57, 26, 5, 0, 0, 0, 0, 0),
(2633, 57, 26, 6, 0, 0, 0, 0, 0),
(2634, 57, 26, 7, 0, 0, 0, 0, 0),
(2635, 57, 26, 8, 0, 0, 0, 0, 0),
(2636, 57, 26, 9, 0, 0, 0, 0, 0),
(2637, 57, 26, 10, 0, 0, 0, 0, 0),
(2638, 57, 26, 11, 0, 0, 0, 0, 0),
(2639, 57, 26, 12, 0, 0, 0, 0, 0),
(2640, 57, 26, 13, 0, 0, 0, 0, 0),
(2641, 57, 26, 14, 0, 0, 0, 0, 0),
(2642, 57, 26, 15, 0, 0, 0, 0, 0),
(2643, 57, 26, 16, 0, 0, 0, 0, 0),
(2644, 57, 26, 17, 0, 0, 0, 0, 0),
(2645, 57, 26, 18, 0, 0, 0, 0, 0),
(2646, 57, 26, 19, 0, 0, 0, 0, 0),
(2647, 57, 26, 20, 0, 0, 0, 0, 0),
(2648, 57, 26, 21, 0, 0, 0, 0, 0),
(2649, 57, 26, 22, 0, 0, 0, 0, 0),
(2650, 57, 26, 23, 0, 0, 0, 0, 0),
(2651, 57, 26, 24, 0, 0, 0, 0, 0),
(2652, 57, 26, 25, 0, 0, 0, 0, 0),
(2653, 57, 26, 26, 0, 0, 0, 0, 0),
(2654, 57, 26, 27, 0, 0, 0, 0, 0),
(2655, 57, 26, 28, 0, 0, 0, 0, 0),
(2656, 57, 26, 29, 0, 0, 0, 0, 0),
(2657, 57, 26, 30, 0, 0, 0, 0, 0),
(2658, 57, 26, 31, 0, 0, 0, 0, 0),
(2659, 57, 26, 32, 0, 0, 0, 0, 0),
(2660, 57, 26, 33, 0, 0, 0, 0, 0),
(2661, 57, 26, 34, 0, 0, 0, 0, 0),
(2662, 57, 26, 35, 0, 0, 0, 0, 0),
(2663, 57, 26, 36, 0, 0, 0, 0, 0),
(2664, 57, 26, 37, 0, 0, 0, 0, 0),
(2665, 47, 27, 1, 0, 0, 0, 0, 0),
(2666, 47, 27, 2, 0, 0, 0, 0, 0),
(2667, 47, 27, 3, 0, 0, 0, 0, 0),
(2668, 47, 27, 4, 0, 0, 0, 0, 0),
(2669, 47, 27, 5, 0, 0, 0, 0, 0),
(2670, 47, 27, 6, 0, 0, 0, 0, 0),
(2671, 47, 27, 7, 0, 0, 0, 0, 0),
(2672, 47, 27, 8, 0, 0, 0, 0, 0),
(2673, 47, 27, 9, 0, 0, 0, 0, 0),
(2674, 47, 27, 10, 0, 0, 0, 0, 0),
(2675, 47, 27, 11, 0, 0, 0, 0, 0),
(2676, 47, 27, 12, 0, 0, 0, 0, 0),
(2677, 47, 27, 13, 0, 0, 0, 0, 0),
(2678, 47, 27, 14, 0, 0, 0, 0, 0),
(2679, 47, 27, 15, 0, 0, 0, 0, 0),
(2680, 47, 27, 16, 0, 0, 0, 0, 0),
(2681, 47, 27, 17, 0, 0, 0, 0, 0),
(2682, 47, 27, 18, 0, 0, 0, 0, 0),
(2683, 47, 27, 19, 0, 0, 0, 0, 0),
(2684, 47, 27, 20, 0, 0, 0, 0, 0),
(2685, 47, 27, 21, 0, 0, 0, 0, 0),
(2686, 47, 27, 22, 0, 0, 0, 0, 0),
(2687, 47, 27, 23, 0, 0, 0, 0, 0),
(2688, 47, 27, 24, 0, 0, 0, 0, 0),
(2689, 47, 27, 25, 0, 0, 0, 0, 0),
(2690, 47, 27, 26, 0, 0, 0, 0, 0),
(2691, 47, 27, 27, 0, 0, 0, 0, 0),
(2692, 47, 27, 28, 0, 0, 0, 0, 0),
(2693, 47, 27, 29, 0, 0, 0, 0, 0),
(2694, 47, 27, 30, 0, 0, 0, 0, 0),
(2695, 47, 27, 31, 0, 0, 0, 0, 0),
(2696, 47, 27, 32, 0, 0, 0, 0, 0),
(2697, 47, 27, 33, 0, 0, 0, 0, 0),
(2698, 47, 27, 34, 0, 0, 0, 0, 0),
(2699, 47, 27, 35, 0, 0, 0, 0, 0),
(2700, 47, 27, 36, 0, 0, 0, 0, 0),
(2701, 47, 27, 37, 0, 0, 0, 0, 0),
(2702, 46, 24, 1, 0, 0, 0, 0, 0),
(2703, 46, 24, 2, 0, 0, 0, 0, 0),
(2704, 46, 24, 3, 0, 0, 0, 0, 0),
(2705, 46, 24, 4, 0, 0, 0, 0, 0),
(2706, 46, 24, 5, 0, 0, 0, 0, 0),
(2707, 46, 24, 6, 0, 0, 0, 0, 0),
(2708, 46, 24, 7, 0, 0, 0, 0, 0),
(2709, 46, 24, 8, 0, 0, 0, 0, 0),
(2710, 46, 24, 9, 0, 0, 0, 0, 0),
(2711, 46, 24, 10, 0, 0, 0, 0, 0),
(2712, 46, 24, 11, 0, 0, 0, 0, 0),
(2713, 46, 24, 12, 0, 0, 0, 0, 0),
(2714, 46, 24, 13, 0, 0, 0, 0, 0),
(2715, 46, 24, 14, 0, 0, 0, 0, 0),
(2716, 46, 24, 15, 0, 0, 0, 0, 0),
(2717, 46, 24, 16, 0, 0, 0, 0, 0),
(2718, 46, 24, 17, 0, 0, 0, 0, 0),
(2719, 46, 24, 18, 0, 0, 0, 0, 0),
(2720, 46, 24, 19, 0, 0, 0, 0, 0),
(2721, 46, 24, 20, 0, 0, 0, 0, 0),
(2722, 46, 24, 21, 0, 0, 0, 0, 0),
(2723, 46, 24, 22, 0, 0, 0, 0, 0),
(2724, 46, 24, 23, 0, 0, 0, 0, 0),
(2725, 46, 24, 24, 0, 0, 0, 0, 0),
(2726, 46, 24, 25, 0, 0, 0, 0, 0),
(2727, 46, 24, 26, 0, 0, 0, 0, 0),
(2728, 46, 24, 27, 0, 0, 0, 0, 0),
(2729, 46, 24, 28, 0, 0, 0, 0, 0),
(2730, 46, 24, 29, 0, 0, 0, 0, 0),
(2731, 46, 24, 30, 0, 0, 0, 0, 0),
(2732, 46, 24, 31, 0, 0, 0, 0, 0),
(2733, 46, 24, 32, 0, 0, 0, 0, 0),
(2734, 46, 24, 33, 0, 0, 0, 0, 0),
(2735, 46, 24, 34, 0, 0, 0, 0, 0),
(2736, 46, 24, 35, 0, 0, 0, 0, 0),
(2737, 46, 24, 36, 0, 0, 0, 0, 0),
(2738, 46, 24, 37, 0, 0, 0, 0, 0),
(2739, 40, 24, 1, 0, 0, 0, 0, 0),
(2740, 40, 24, 2, 0, 0, 0, 0, 0),
(2741, 40, 24, 3, 0, 0, 0, 0, 0),
(2742, 40, 24, 4, 0, 0, 0, 0, 0),
(2743, 40, 24, 5, 0, 0, 0, 0, 0),
(2744, 40, 24, 6, 0, 0, 0, 0, 0),
(2745, 40, 24, 7, 0, 0, 0, 0, 0),
(2746, 40, 24, 8, 0, 0, 0, 0, 0),
(2747, 40, 24, 9, 0, 0, 0, 0, 0),
(2748, 40, 24, 10, 0, 0, 0, 0, 0),
(2749, 40, 24, 11, 0, 0, 0, 0, 0),
(2750, 40, 24, 12, 0, 0, 0, 0, 0),
(2751, 40, 24, 13, 0, 0, 0, 0, 0),
(2752, 40, 24, 14, 0, 0, 0, 0, 0),
(2753, 40, 24, 15, 0, 0, 0, 0, 0),
(2754, 40, 24, 16, 0, 0, 0, 0, 0),
(2755, 40, 24, 17, 0, 0, 0, 0, 0),
(2756, 40, 24, 18, 0, 0, 0, 0, 0),
(2757, 40, 24, 19, 0, 0, 0, 0, 0),
(2758, 40, 24, 20, 0, 0, 0, 0, 0),
(2759, 40, 24, 21, 0, 0, 0, 0, 0),
(2760, 40, 24, 22, 0, 0, 0, 0, 0),
(2761, 40, 24, 23, 0, 0, 0, 0, 0),
(2762, 40, 24, 24, 0, 0, 0, 0, 0),
(2763, 40, 24, 25, 0, 0, 0, 0, 0),
(2764, 40, 24, 26, 0, 0, 0, 0, 0),
(2765, 40, 24, 27, 0, 0, 0, 0, 0),
(2766, 40, 24, 28, 0, 0, 0, 0, 0),
(2767, 40, 24, 29, 0, 0, 0, 0, 0),
(2768, 40, 24, 30, 0, 0, 0, 0, 0),
(2769, 40, 24, 31, 0, 0, 0, 0, 0),
(2770, 40, 24, 32, 0, 0, 0, 0, 0),
(2771, 40, 24, 33, 0, 0, 0, 0, 0),
(2772, 40, 24, 34, 0, 0, 0, 0, 0),
(2773, 40, 24, 35, 0, 0, 0, 0, 0),
(2774, 40, 24, 36, 0, 0, 0, 0, 0),
(2775, 40, 24, 37, 0, 0, 0, 0, 0),
(2776, 47, 28, 1, 0, 0, 0, 0, 0),
(2777, 47, 28, 2, 0, 0, 0, 0, 0),
(2778, 47, 28, 3, 0, 0, 0, 0, 0),
(2779, 47, 28, 4, 0, 0, 0, 0, 0),
(2780, 47, 28, 5, 0, 0, 0, 0, 0),
(2781, 47, 28, 6, 0, 0, 0, 0, 0),
(2782, 47, 28, 7, 0, 0, 0, 0, 0),
(2783, 47, 28, 8, 0, 0, 0, 0, 0),
(2784, 47, 28, 9, 0, 0, 0, 0, 0),
(2785, 47, 28, 10, 0, 0, 0, 0, 0),
(2786, 47, 28, 11, 0, 0, 0, 0, 0),
(2787, 47, 28, 12, 0, 0, 0, 0, 0),
(2788, 47, 28, 13, 0, 0, 0, 0, 0),
(2789, 47, 28, 14, 0, 0, 0, 0, 0),
(2790, 47, 28, 15, 0, 0, 0, 0, 0),
(2791, 47, 28, 16, 0, 0, 0, 0, 0),
(2792, 47, 28, 17, 0, 0, 0, 0, 0),
(2793, 47, 28, 18, 0, 0, 0, 0, 0),
(2794, 47, 28, 19, 0, 0, 0, 0, 0),
(2795, 47, 28, 20, 0, 0, 0, 0, 0),
(2796, 47, 28, 21, 0, 0, 0, 0, 0),
(2797, 47, 28, 22, 0, 0, 0, 0, 0),
(2798, 47, 28, 23, 0, 0, 0, 0, 0),
(2799, 47, 28, 24, 0, 0, 0, 0, 0),
(2800, 47, 28, 25, 0, 0, 0, 0, 0),
(2801, 47, 28, 26, 0, 0, 0, 0, 0),
(2802, 47, 28, 27, 0, 0, 0, 0, 0),
(2803, 47, 28, 28, 0, 0, 0, 0, 0),
(2804, 47, 28, 29, 0, 0, 0, 0, 0),
(2805, 47, 28, 30, 0, 0, 0, 0, 0),
(2806, 47, 28, 31, 0, 0, 0, 0, 0),
(2807, 47, 28, 32, 0, 0, 0, 0, 0),
(2808, 47, 28, 33, 0, 0, 0, 0, 0),
(2809, 47, 28, 34, 0, 0, 0, 0, 0),
(2810, 47, 28, 35, 0, 0, 0, 0, 0),
(2811, 47, 28, 36, 0, 0, 0, 0, 0),
(2812, 47, 28, 37, 0, 0, 0, 0, 0),
(2813, 36, 5, 1, 0, 0, 0, 0, 0),
(2814, 36, 5, 2, 0, 0, 0, 0, 0),
(2815, 36, 5, 3, 0, 0, 0, 0, 0),
(2816, 36, 5, 4, 0, 0, 0, 0, 0),
(2817, 36, 5, 5, 0, 0, 0, 0, 0),
(2818, 36, 5, 6, 0, 0, 0, 0, 0),
(2819, 36, 5, 7, 0, 0, 0, 0, 0),
(2820, 36, 5, 8, 0, 0, 0, 0, 0),
(2821, 36, 5, 9, 0, 0, 0, 0, 0),
(2822, 36, 5, 10, 0, 0, 0, 0, 0),
(2823, 36, 5, 11, 0, 0, 0, 0, 0),
(2824, 36, 5, 12, 0, 0, 0, 0, 0),
(2825, 36, 5, 13, 0, 0, 0, 0, 0),
(2826, 36, 5, 14, 0, 0, 0, 0, 0),
(2827, 36, 5, 15, 0, 0, 0, 0, 0),
(2828, 36, 5, 16, 0, 0, 0, 0, 0),
(2829, 36, 5, 17, 0, 0, 0, 0, 0),
(2830, 36, 5, 18, 0, 0, 0, 0, 0),
(2831, 36, 5, 19, 0, 0, 0, 0, 0),
(2832, 36, 5, 20, 0, 0, 0, 0, 0),
(2833, 36, 5, 21, 0, 0, 0, 0, 0),
(2834, 36, 5, 22, 0, 0, 0, 0, 0),
(2835, 36, 5, 23, 0, 0, 0, 0, 0),
(2836, 36, 5, 24, 0, 0, 0, 0, 0),
(2837, 36, 5, 25, 0, 0, 0, 0, 0),
(2838, 36, 5, 26, 0, 0, 0, 0, 0),
(2839, 36, 5, 27, 0, 0, 0, 0, 0),
(2840, 36, 5, 28, 0, 0, 0, 0, 0),
(2841, 36, 5, 29, 0, 0, 0, 0, 0),
(2842, 36, 5, 30, 0, 0, 0, 0, 0),
(2843, 36, 5, 31, 0, 0, 0, 0, 0),
(2844, 36, 5, 32, 0, 0, 0, 0, 0),
(2845, 36, 5, 33, 0, 0, 0, 0, 0),
(2846, 36, 5, 34, 0, 0, 0, 0, 0),
(2847, 36, 5, 35, 0, 0, 0, 0, 0),
(2848, 36, 5, 36, 0, 0, 0, 0, 0),
(2849, 36, 5, 37, 0, 0, 0, 0, 0),
(2850, 36, 10, 1, 0, 0, 0, 0, 0),
(2851, 36, 10, 2, 0, 0, 0, 0, 0),
(2852, 36, 10, 3, 0, 0, 0, 0, 0),
(2853, 36, 10, 4, 0, 0, 0, 0, 0),
(2854, 36, 10, 5, 0, 0, 0, 0, 0),
(2855, 36, 10, 6, 0, 0, 0, 0, 0),
(2856, 36, 10, 7, 0, 0, 0, 0, 0),
(2857, 36, 10, 8, 0, 0, 0, 0, 0),
(2858, 36, 10, 9, 0, 0, 0, 0, 0),
(2859, 36, 10, 10, 0, 0, 0, 0, 0),
(2860, 36, 10, 11, 0, 0, 0, 0, 0),
(2861, 36, 10, 12, 0, 0, 0, 0, 0),
(2862, 36, 10, 13, 0, 0, 0, 0, 0),
(2863, 36, 10, 14, 0, 0, 0, 0, 0),
(2864, 36, 10, 15, 0, 0, 0, 0, 0),
(2865, 36, 10, 16, 0, 0, 0, 0, 0),
(2866, 36, 10, 17, 0, 0, 0, 0, 0),
(2867, 36, 10, 18, 0, 0, 0, 0, 0),
(2868, 36, 10, 19, 0, 0, 0, 0, 0),
(2869, 36, 10, 20, 0, 0, 0, 0, 0),
(2870, 36, 10, 21, 0, 0, 0, 0, 0),
(2871, 36, 10, 22, 0, 0, 0, 0, 0),
(2872, 36, 10, 23, 0, 0, 0, 0, 0),
(2873, 36, 10, 24, 0, 0, 0, 0, 0),
(2874, 36, 10, 25, 0, 0, 0, 0, 0),
(2875, 36, 10, 26, 0, 0, 0, 0, 0),
(2876, 36, 10, 27, 0, 0, 0, 0, 0),
(2877, 36, 10, 28, 0, 0, 0, 0, 0),
(2878, 36, 10, 29, 0, 0, 0, 0, 0),
(2879, 36, 10, 30, 0, 0, 0, 0, 0),
(2880, 36, 10, 31, 0, 0, 0, 0, 0),
(2881, 36, 10, 32, 0, 0, 0, 0, 0),
(2882, 36, 10, 33, 0, 0, 0, 0, 0),
(2883, 36, 10, 34, 0, 0, 0, 0, 0),
(2884, 36, 10, 35, 0, 0, 0, 0, 0),
(2885, 36, 10, 36, 0, 0, 0, 0, 0),
(2886, 36, 10, 37, 0, 0, 0, 0, 0),
(2887, 52, 29, 1, 0, 0, 0, 0, 0),
(2888, 52, 29, 2, 0, 0, 0, 0, 0),
(2889, 52, 29, 3, 0, 0, 0, 0, 0),
(2890, 52, 29, 4, 0, 0, 0, 0, 0),
(2891, 52, 29, 5, 0, 0, 0, 0, 0),
(2892, 52, 29, 6, 0, 0, 0, 0, 0),
(2893, 52, 29, 7, 0, 0, 0, 0, 0),
(2894, 52, 29, 8, 0, 0, 0, 0, 0),
(2895, 52, 29, 9, 0, 0, 0, 0, 0),
(2896, 52, 29, 10, 0, 0, 0, 0, 0),
(2897, 52, 29, 11, 0, 0, 0, 0, 0),
(2898, 52, 29, 12, 0, 0, 0, 0, 0),
(2899, 52, 29, 13, 0, 0, 0, 0, 0),
(2900, 52, 29, 14, 0, 0, 0, 0, 0),
(2901, 52, 29, 15, 0, 0, 0, 0, 0),
(2902, 52, 29, 16, 0, 0, 0, 0, 0),
(2903, 52, 29, 17, 0, 0, 0, 0, 0),
(2904, 52, 29, 18, 0, 0, 0, 0, 0),
(2905, 52, 29, 19, 0, 0, 0, 0, 0),
(2906, 52, 29, 20, 0, 0, 0, 0, 0),
(2907, 52, 29, 21, 0, 0, 0, 0, 0),
(2908, 52, 29, 22, 0, 0, 0, 0, 0),
(2909, 52, 29, 23, 0, 0, 0, 0, 0),
(2910, 52, 29, 24, 0, 0, 0, 0, 0),
(2911, 52, 29, 25, 0, 0, 0, 0, 0),
(2912, 52, 29, 26, 0, 0, 0, 0, 0),
(2913, 52, 29, 27, 0, 0, 0, 0, 0),
(2914, 52, 29, 28, 0, 0, 0, 0, 0),
(2915, 52, 29, 29, 0, 0, 0, 0, 0),
(2916, 52, 29, 30, 0, 0, 0, 0, 0),
(2917, 52, 29, 31, 0, 0, 0, 0, 0),
(2918, 52, 29, 32, 0, 0, 0, 0, 0),
(2919, 52, 29, 33, 0, 0, 0, 0, 0),
(2920, 52, 29, 34, 0, 0, 0, 0, 0),
(2921, 52, 29, 35, 0, 0, 0, 0, 0),
(2922, 52, 29, 36, 0, 0, 0, 0, 0),
(2923, 52, 29, 37, 0, 0, 0, 0, 0),
(2924, 53, 29, 1, 0, 0, 0, 0, 0),
(2925, 53, 29, 2, 0, 0, 0, 0, 0),
(2926, 53, 29, 3, 0, 0, 0, 0, 0),
(2927, 53, 29, 4, 0, 0, 0, 0, 0),
(2928, 53, 29, 5, 0, 0, 0, 0, 0),
(2929, 53, 29, 6, 0, 0, 0, 0, 0),
(2930, 53, 29, 7, 0, 0, 0, 0, 0),
(2931, 53, 29, 8, 0, 0, 0, 0, 0),
(2932, 53, 29, 9, 0, 0, 0, 0, 0),
(2933, 53, 29, 10, 0, 0, 0, 0, 0),
(2934, 53, 29, 11, 0, 0, 0, 0, 0),
(2935, 53, 29, 12, 0, 0, 0, 0, 0),
(2936, 53, 29, 13, 0, 0, 0, 0, 0),
(2937, 53, 29, 14, 0, 0, 0, 0, 0),
(2938, 53, 29, 15, 0, 0, 0, 0, 0),
(2939, 53, 29, 16, 0, 0, 0, 0, 0),
(2940, 53, 29, 17, 0, 0, 0, 0, 0),
(2941, 53, 29, 18, 0, 0, 0, 0, 0),
(2942, 53, 29, 19, 0, 0, 0, 0, 0),
(2943, 53, 29, 20, 0, 0, 0, 0, 0),
(2944, 53, 29, 21, 0, 0, 0, 0, 0),
(2945, 53, 29, 22, 0, 0, 0, 0, 0),
(2946, 53, 29, 23, 0, 0, 0, 0, 0),
(2947, 53, 29, 24, 0, 0, 0, 0, 0),
(2948, 53, 29, 25, 0, 0, 0, 0, 0),
(2949, 53, 29, 26, 0, 0, 0, 0, 0),
(2950, 53, 29, 27, 0, 0, 0, 0, 0),
(2951, 53, 29, 28, 0, 0, 0, 0, 0),
(2952, 53, 29, 29, 0, 0, 0, 0, 0),
(2953, 53, 29, 30, 0, 0, 0, 0, 0),
(2954, 53, 29, 31, 0, 0, 0, 0, 0),
(2955, 53, 29, 32, 0, 0, 0, 0, 0),
(2956, 53, 29, 33, 0, 0, 0, 0, 0),
(2957, 53, 29, 34, 0, 0, 0, 0, 0),
(2958, 53, 29, 35, 0, 0, 0, 0, 0),
(2959, 53, 29, 36, 0, 0, 0, 0, 0),
(2960, 53, 29, 37, 0, 0, 0, 0, 0),
(2961, 53, 30, 1, 0, 0, 0, 0, 0),
(2962, 53, 30, 2, 0, 0, 0, 0, 0),
(2963, 53, 30, 3, 0, 0, 0, 0, 0),
(2964, 53, 30, 4, 0, 0, 0, 0, 0),
(2965, 53, 30, 5, 0, 0, 0, 0, 0),
(2966, 53, 30, 6, 0, 0, 0, 0, 0),
(2967, 53, 30, 7, 0, 0, 0, 0, 0),
(2968, 53, 30, 8, 0, 0, 0, 0, 0),
(2969, 53, 30, 9, 0, 0, 0, 0, 0),
(2970, 53, 30, 10, 0, 0, 0, 0, 0),
(2971, 53, 30, 11, 0, 0, 0, 0, 0),
(2972, 53, 30, 12, 0, 0, 0, 0, 0),
(2973, 53, 30, 13, 0, 0, 0, 0, 0),
(2974, 53, 30, 14, 0, 0, 0, 0, 0),
(2975, 53, 30, 15, 0, 0, 0, 0, 0),
(2976, 53, 30, 16, 0, 0, 0, 0, 0),
(2977, 53, 30, 17, 0, 0, 0, 0, 0),
(2978, 53, 30, 18, 0, 0, 0, 0, 0),
(2979, 53, 30, 19, 0, 0, 0, 0, 0),
(2980, 53, 30, 20, 0, 0, 0, 0, 0),
(2981, 53, 30, 21, 0, 0, 0, 0, 0),
(2982, 53, 30, 22, 0, 0, 0, 0, 0),
(2983, 53, 30, 23, 0, 0, 0, 0, 0),
(2984, 53, 30, 24, 0, 0, 0, 0, 0),
(2985, 53, 30, 25, 0, 0, 0, 0, 0),
(2986, 53, 30, 26, 0, 0, 0, 0, 0),
(2987, 53, 30, 27, 0, 0, 0, 0, 0),
(2988, 53, 30, 28, 0, 0, 0, 0, 0),
(2989, 53, 30, 29, 0, 0, 0, 0, 0),
(2990, 53, 30, 30, 0, 0, 0, 0, 0),
(2991, 53, 30, 31, 0, 0, 0, 0, 0),
(2992, 53, 30, 32, 0, 0, 0, 0, 0),
(2993, 53, 30, 33, 0, 0, 0, 0, 0),
(2994, 53, 30, 34, 0, 0, 0, 0, 0),
(2995, 53, 30, 35, 0, 0, 0, 0, 0),
(2996, 53, 30, 36, 0, 0, 0, 0, 0),
(2997, 53, 30, 37, 0, 0, 0, 0, 0),
(2998, 50, 31, 1, 0, 0, 0, 0, 0),
(2999, 50, 31, 2, 0, 0, 0, 0, 0),
(3000, 50, 31, 3, 0, 0, 0, 0, 0),
(3001, 50, 31, 4, 0, 0, 0, 0, 0),
(3002, 50, 31, 5, 0, 0, 0, 0, 0),
(3003, 50, 31, 6, 0, 0, 0, 0, 0),
(3004, 50, 31, 7, 0, 0, 0, 0, 0),
(3005, 50, 31, 8, 0, 0, 0, 0, 0),
(3006, 50, 31, 9, 0, 0, 0, 0, 0),
(3007, 50, 31, 10, 0, 0, 0, 0, 0),
(3008, 50, 31, 11, 0, 0, 0, 0, 0),
(3009, 50, 31, 12, 0, 0, 0, 0, 0),
(3010, 50, 31, 13, 0, 0, 0, 0, 0),
(3011, 50, 31, 14, 0, 0, 0, 0, 0),
(3012, 50, 31, 15, 0, 0, 0, 0, 0),
(3013, 50, 31, 16, 0, 0, 0, 0, 0),
(3014, 50, 31, 17, 0, 0, 0, 0, 0),
(3015, 50, 31, 18, 0, 0, 0, 0, 0),
(3016, 50, 31, 19, 0, 0, 0, 0, 0),
(3017, 50, 31, 20, 0, 0, 0, 0, 0),
(3018, 50, 31, 21, 0, 0, 0, 0, 0),
(3019, 50, 31, 22, 0, 0, 0, 0, 0),
(3020, 50, 31, 23, 0, 0, 0, 0, 0),
(3021, 50, 31, 24, 0, 0, 0, 0, 0),
(3022, 50, 31, 25, 0, 0, 0, 0, 0),
(3023, 50, 31, 26, 0, 0, 0, 0, 0),
(3024, 50, 31, 27, 0, 0, 0, 0, 0),
(3025, 50, 31, 28, 0, 0, 0, 0, 0),
(3026, 50, 31, 29, 0, 0, 0, 0, 0),
(3027, 50, 31, 30, 0, 0, 0, 0, 0),
(3028, 50, 31, 31, 0, 0, 0, 0, 0),
(3029, 50, 31, 32, 0, 0, 0, 0, 0),
(3030, 50, 31, 33, 0, 0, 0, 0, 0),
(3031, 50, 31, 34, 0, 0, 0, 0, 0),
(3032, 50, 31, 35, 0, 0, 0, 0, 0),
(3033, 50, 31, 36, 0, 0, 0, 0, 0),
(3034, 50, 31, 37, 0, 0, 0, 0, 0),
(3035, 51, 31, 1, 0, 0, 0, 0, 0),
(3036, 51, 31, 2, 0, 0, 0, 0, 0),
(3037, 51, 31, 3, 0, 0, 0, 0, 0),
(3038, 51, 31, 4, 0, 0, 0, 0, 0),
(3039, 51, 31, 5, 0, 0, 0, 0, 0),
(3040, 51, 31, 6, 0, 0, 0, 0, 0),
(3041, 51, 31, 7, 0, 0, 0, 0, 0),
(3042, 51, 31, 8, 0, 0, 0, 0, 0),
(3043, 51, 31, 9, 0, 0, 0, 0, 0),
(3044, 51, 31, 10, 0, 0, 0, 0, 0),
(3045, 51, 31, 11, 0, 0, 0, 0, 0),
(3046, 51, 31, 12, 0, 0, 0, 0, 0),
(3047, 51, 31, 13, 0, 0, 0, 0, 0),
(3048, 51, 31, 14, 0, 0, 0, 0, 0),
(3049, 51, 31, 15, 0, 0, 0, 0, 0),
(3050, 51, 31, 16, 0, 0, 0, 0, 0),
(3051, 51, 31, 17, 0, 0, 0, 0, 0),
(3052, 51, 31, 18, 0, 0, 0, 0, 0),
(3053, 51, 31, 19, 0, 0, 0, 0, 0),
(3054, 51, 31, 20, 0, 0, 0, 0, 0),
(3055, 51, 31, 21, 0, 0, 0, 0, 0),
(3056, 51, 31, 22, 0, 0, 0, 0, 0),
(3057, 51, 31, 23, 0, 0, 0, 0, 0),
(3058, 51, 31, 24, 0, 0, 0, 0, 0),
(3059, 51, 31, 25, 0, 0, 0, 0, 0),
(3060, 51, 31, 26, 0, 0, 0, 0, 0),
(3061, 51, 31, 27, 0, 0, 0, 0, 0),
(3062, 51, 31, 28, 0, 0, 0, 0, 0),
(3063, 51, 31, 29, 0, 0, 0, 0, 0),
(3064, 51, 31, 30, 0, 0, 0, 0, 0),
(3065, 51, 31, 31, 0, 0, 0, 0, 0),
(3066, 51, 31, 32, 0, 0, 0, 0, 0),
(3067, 51, 31, 33, 0, 0, 0, 0, 0),
(3068, 51, 31, 34, 0, 0, 0, 0, 0),
(3069, 51, 31, 35, 0, 0, 0, 0, 0),
(3070, 51, 31, 36, 0, 0, 0, 0, 0),
(3071, 51, 31, 37, 0, 0, 0, 0, 0),
(3072, 48, 31, 1, 0, 0, 0, 0, 0),
(3073, 48, 31, 2, 0, 0, 0, 0, 0),
(3074, 48, 31, 3, 0, 0, 0, 0, 0),
(3075, 48, 31, 4, 0, 0, 0, 0, 0),
(3076, 48, 31, 5, 0, 0, 0, 0, 0),
(3077, 48, 31, 6, 0, 0, 0, 0, 0),
(3078, 48, 31, 7, 0, 0, 0, 0, 0),
(3079, 48, 31, 8, 0, 0, 0, 0, 0),
(3080, 48, 31, 9, 0, 0, 0, 0, 0),
(3081, 48, 31, 10, 0, 0, 0, 0, 0),
(3082, 48, 31, 11, 0, 0, 0, 0, 0),
(3083, 48, 31, 12, 0, 0, 0, 0, 0),
(3084, 48, 31, 13, 0, 0, 0, 0, 0),
(3085, 48, 31, 14, 0, 0, 0, 0, 0),
(3086, 48, 31, 15, 0, 0, 0, 0, 0),
(3087, 48, 31, 16, 0, 0, 0, 0, 0),
(3088, 48, 31, 17, 0, 0, 0, 0, 0),
(3089, 48, 31, 18, 0, 0, 0, 0, 0),
(3090, 48, 31, 19, 0, 0, 0, 0, 0),
(3091, 48, 31, 20, 0, 0, 0, 0, 0),
(3092, 48, 31, 21, 0, 0, 0, 0, 0),
(3093, 48, 31, 22, 0, 0, 0, 0, 0),
(3094, 48, 31, 23, 0, 0, 0, 0, 0),
(3095, 48, 31, 24, 0, 0, 0, 0, 0),
(3096, 48, 31, 25, 0, 0, 0, 0, 0),
(3097, 48, 31, 26, 0, 0, 0, 0, 0),
(3098, 48, 31, 27, 0, 0, 0, 0, 0),
(3099, 48, 31, 28, 0, 0, 0, 0, 0),
(3100, 48, 31, 29, 0, 0, 0, 0, 0),
(3101, 48, 31, 30, 0, 0, 0, 0, 0),
(3102, 48, 31, 31, 0, 0, 0, 0, 0),
(3103, 48, 31, 32, 0, 0, 0, 0, 0),
(3104, 48, 31, 33, 0, 0, 0, 0, 0),
(3105, 48, 31, 34, 0, 0, 0, 0, 0),
(3106, 48, 31, 35, 0, 0, 0, 0, 0),
(3107, 48, 31, 36, 0, 0, 0, 0, 0),
(3108, 48, 31, 37, 0, 0, 0, 0, 0),
(3109, 49, 32, 1, 0, 0, 0, 0, 0),
(3110, 49, 32, 2, 0, 0, 0, 0, 0),
(3111, 49, 32, 3, 0, 0, 0, 0, 0),
(3112, 49, 32, 4, 0, 0, 0, 0, 0),
(3113, 49, 32, 5, 0, 0, 0, 0, 0),
(3114, 49, 32, 6, 0, 0, 0, 0, 0),
(3115, 49, 32, 7, 0, 0, 0, 0, 0),
(3116, 49, 32, 8, 0, 0, 0, 0, 0),
(3117, 49, 32, 9, 0, 0, 0, 0, 0),
(3118, 49, 32, 10, 0, 0, 0, 0, 0),
(3119, 49, 32, 11, 0, 0, 0, 0, 0),
(3120, 49, 32, 12, 0, 0, 0, 0, 0),
(3121, 49, 32, 13, 0, 0, 0, 0, 0),
(3122, 49, 32, 14, 0, 0, 0, 0, 0),
(3123, 49, 32, 15, 0, 0, 0, 0, 0),
(3124, 49, 32, 16, 0, 0, 0, 0, 0),
(3125, 49, 32, 17, 0, 0, 0, 0, 0),
(3126, 49, 32, 18, 0, 0, 0, 0, 0),
(3127, 49, 32, 19, 0, 0, 0, 0, 0),
(3128, 49, 32, 20, 0, 0, 0, 0, 0),
(3129, 49, 32, 21, 0, 0, 0, 0, 0),
(3130, 49, 32, 22, 0, 0, 0, 0, 0),
(3131, 49, 32, 23, 0, 0, 0, 0, 0),
(3132, 49, 32, 24, 0, 0, 0, 0, 0),
(3133, 49, 32, 25, 0, 0, 0, 0, 0),
(3134, 49, 32, 26, 0, 0, 0, 0, 0),
(3135, 49, 32, 27, 0, 0, 0, 0, 0),
(3136, 49, 32, 28, 0, 0, 0, 0, 0),
(3137, 49, 32, 29, 0, 0, 0, 0, 0),
(3138, 49, 32, 30, 0, 0, 0, 0, 0),
(3139, 49, 32, 31, 0, 0, 0, 0, 0),
(3140, 49, 32, 32, 0, 0, 0, 0, 0),
(3141, 49, 32, 33, 0, 0, 0, 0, 0),
(3142, 49, 32, 34, 0, 0, 0, 0, 0),
(3143, 49, 32, 35, 0, 0, 0, 0, 0),
(3144, 49, 32, 36, 0, 0, 0, 0, 0),
(3145, 49, 32, 37, 0, 0, 0, 0, 0),
(3146, 43, 34, 1, 0, 0, 0, 0, 0),
(3147, 43, 34, 2, 0, 0, 0, 0, 0),
(3148, 43, 34, 3, 0, 0, 0, 0, 0),
(3149, 43, 34, 4, 0, 0, 0, 0, 0),
(3150, 43, 34, 5, 0, 0, 0, 0, 0),
(3151, 43, 34, 6, 0, 0, 0, 0, 0),
(3152, 43, 34, 7, 0, 0, 0, 0, 0),
(3153, 43, 34, 8, 0, 0, 0, 0, 0),
(3154, 43, 34, 9, 0, 0, 0, 0, 0),
(3155, 43, 34, 10, 0, 0, 0, 0, 0),
(3156, 43, 34, 11, 0, 0, 0, 0, 0),
(3157, 43, 34, 12, 0, 0, 0, 0, 0),
(3158, 43, 34, 13, 0, 0, 0, 0, 0),
(3159, 43, 34, 14, 0, 0, 0, 0, 0),
(3160, 43, 34, 15, 0, 0, 0, 0, 0),
(3161, 43, 34, 16, 0, 0, 0, 0, 0),
(3162, 43, 34, 17, 0, 0, 0, 0, 0),
(3163, 43, 34, 18, 0, 0, 0, 0, 0),
(3164, 43, 34, 19, 0, 0, 0, 0, 0),
(3165, 43, 34, 20, 0, 0, 0, 0, 0),
(3166, 43, 34, 21, 0, 0, 0, 0, 0),
(3167, 43, 34, 22, 0, 0, 0, 0, 0),
(3168, 43, 34, 23, 0, 0, 0, 0, 0),
(3169, 43, 34, 24, 0, 0, 0, 0, 0),
(3170, 43, 34, 25, 0, 0, 0, 0, 0),
(3171, 43, 34, 26, 0, 0, 0, 0, 0),
(3172, 43, 34, 27, 0, 0, 0, 0, 0),
(3173, 43, 34, 28, 0, 0, 0, 0, 0),
(3174, 43, 34, 29, 0, 0, 0, 0, 0),
(3175, 43, 34, 30, 0, 0, 0, 0, 0),
(3176, 43, 34, 31, 0, 0, 0, 0, 0),
(3177, 43, 34, 32, 0, 0, 0, 0, 0),
(3178, 43, 34, 33, 0, 0, 0, 0, 0),
(3179, 43, 34, 34, 0, 0, 0, 0, 0),
(3180, 43, 34, 35, 0, 0, 0, 0, 0),
(3181, 43, 34, 36, 0, 0, 0, 0, 0),
(3182, 43, 34, 37, 0, 0, 0, 0, 0),
(3183, 56, 33, 1, 0, 0, 0, 0, 0),
(3184, 56, 33, 2, 0, 0, 0, 0, 0),
(3185, 56, 33, 3, 0, 0, 0, 0, 0),
(3186, 56, 33, 4, 0, 0, 0, 0, 0),
(3187, 56, 33, 5, 0, 0, 0, 0, 0),
(3188, 56, 33, 6, 0, 0, 0, 0, 0),
(3189, 56, 33, 7, 0, 0, 0, 0, 0),
(3190, 56, 33, 8, 0, 0, 0, 0, 0),
(3191, 56, 33, 9, 0, 0, 0, 0, 0),
(3192, 56, 33, 10, 0, 0, 0, 0, 0),
(3193, 56, 33, 11, 0, 0, 0, 0, 0),
(3194, 56, 33, 12, 0, 0, 0, 0, 0),
(3195, 56, 33, 13, 0, 0, 0, 0, 0),
(3196, 56, 33, 14, 0, 0, 0, 0, 0),
(3197, 56, 33, 15, 0, 0, 0, 0, 0),
(3198, 56, 33, 16, 0, 0, 0, 0, 0),
(3199, 56, 33, 17, 0, 0, 0, 0, 0),
(3200, 56, 33, 18, 0, 0, 0, 0, 0),
(3201, 56, 33, 19, 0, 0, 0, 0, 0);
INSERT INTO `result` (`id`, `cid`, `pid`, `qid`, `ans1`, `ans2`, `ans3`, `ans4`, `ans5`) VALUES
(3202, 56, 33, 20, 0, 0, 0, 0, 0),
(3203, 56, 33, 21, 0, 0, 0, 0, 0),
(3204, 56, 33, 22, 0, 0, 0, 0, 0),
(3205, 56, 33, 23, 0, 0, 0, 0, 0),
(3206, 56, 33, 24, 0, 0, 0, 0, 0),
(3207, 56, 33, 25, 0, 0, 0, 0, 0),
(3208, 56, 33, 26, 0, 0, 0, 0, 0),
(3209, 56, 33, 27, 0, 0, 0, 0, 0),
(3210, 56, 33, 28, 0, 0, 0, 0, 0),
(3211, 56, 33, 29, 0, 0, 0, 0, 0),
(3212, 56, 33, 30, 0, 0, 0, 0, 0),
(3213, 56, 33, 31, 0, 0, 0, 0, 0),
(3214, 56, 33, 32, 0, 0, 0, 0, 0),
(3215, 56, 33, 33, 0, 0, 0, 0, 0),
(3216, 56, 33, 34, 0, 0, 0, 0, 0),
(3217, 56, 33, 35, 0, 0, 0, 0, 0),
(3218, 56, 33, 36, 0, 0, 0, 0, 0),
(3219, 56, 33, 37, 0, 0, 0, 0, 0),
(3220, 41, 30, 1, 0, 0, 0, 0, 0),
(3221, 41, 30, 2, 0, 0, 0, 0, 0),
(3222, 41, 30, 3, 0, 0, 0, 0, 0),
(3223, 41, 30, 4, 0, 0, 0, 0, 0),
(3224, 41, 30, 5, 0, 0, 0, 0, 0),
(3225, 41, 30, 6, 0, 0, 0, 0, 0),
(3226, 41, 30, 7, 0, 0, 0, 0, 0),
(3227, 41, 30, 8, 0, 0, 0, 0, 0),
(3228, 41, 30, 9, 0, 0, 0, 0, 0),
(3229, 41, 30, 10, 0, 0, 0, 0, 0),
(3230, 41, 30, 11, 0, 0, 0, 0, 0),
(3231, 41, 30, 12, 0, 0, 0, 0, 0),
(3232, 41, 30, 13, 0, 0, 0, 0, 0),
(3233, 41, 30, 14, 0, 0, 0, 0, 0),
(3234, 41, 30, 15, 0, 0, 0, 0, 0),
(3235, 41, 30, 16, 0, 0, 0, 0, 0),
(3236, 41, 30, 17, 0, 0, 0, 0, 0),
(3237, 41, 30, 18, 0, 0, 0, 0, 0),
(3238, 41, 30, 19, 0, 0, 0, 0, 0),
(3239, 41, 30, 20, 0, 0, 0, 0, 0),
(3240, 41, 30, 21, 0, 0, 0, 0, 0),
(3241, 41, 30, 22, 0, 0, 0, 0, 0),
(3242, 41, 30, 23, 0, 0, 0, 0, 0),
(3243, 41, 30, 24, 0, 0, 0, 0, 0),
(3244, 41, 30, 25, 0, 0, 0, 0, 0),
(3245, 41, 30, 26, 0, 0, 0, 0, 0),
(3246, 41, 30, 27, 0, 0, 0, 0, 0),
(3247, 41, 30, 28, 0, 0, 0, 0, 0),
(3248, 41, 30, 29, 0, 0, 0, 0, 0),
(3249, 41, 30, 30, 0, 0, 0, 0, 0),
(3250, 41, 30, 31, 0, 0, 0, 0, 0),
(3251, 41, 30, 32, 0, 0, 0, 0, 0),
(3252, 41, 30, 33, 0, 0, 0, 0, 0),
(3253, 41, 30, 34, 0, 0, 0, 0, 0),
(3254, 41, 30, 35, 0, 0, 0, 0, 0),
(3255, 41, 30, 36, 0, 0, 0, 0, 0),
(3256, 41, 30, 37, 0, 0, 0, 0, 0),
(3257, 13, 35, 1, 0, 0, 0, 0, 0),
(3258, 13, 35, 2, 0, 0, 0, 0, 0),
(3259, 13, 35, 3, 0, 0, 0, 0, 0),
(3260, 13, 35, 4, 0, 0, 0, 0, 0),
(3261, 13, 35, 5, 0, 0, 0, 0, 0),
(3262, 13, 35, 6, 0, 0, 0, 0, 0),
(3263, 13, 35, 7, 0, 0, 0, 0, 0),
(3264, 13, 35, 8, 0, 0, 0, 0, 0),
(3265, 13, 35, 9, 0, 0, 0, 0, 0),
(3266, 13, 35, 10, 0, 0, 0, 0, 0),
(3267, 13, 35, 11, 0, 0, 0, 0, 0),
(3268, 13, 35, 12, 0, 0, 0, 0, 0),
(3269, 13, 35, 13, 0, 0, 0, 0, 0),
(3270, 13, 35, 14, 0, 0, 0, 0, 0),
(3271, 13, 35, 15, 0, 0, 0, 0, 0),
(3272, 13, 35, 16, 0, 0, 0, 0, 0),
(3273, 13, 35, 17, 0, 0, 0, 0, 0),
(3274, 13, 35, 18, 0, 0, 0, 0, 0),
(3275, 13, 35, 19, 0, 0, 0, 0, 0),
(3276, 13, 35, 20, 0, 0, 0, 0, 0),
(3277, 13, 35, 21, 0, 0, 0, 0, 0),
(3278, 13, 35, 22, 0, 0, 0, 0, 0),
(3279, 13, 35, 23, 0, 0, 0, 0, 0),
(3280, 13, 35, 24, 0, 0, 0, 0, 0),
(3281, 13, 35, 25, 0, 0, 0, 0, 0),
(3282, 13, 35, 26, 0, 0, 0, 0, 0),
(3283, 13, 35, 27, 0, 0, 0, 0, 0),
(3284, 13, 35, 28, 0, 0, 0, 0, 0),
(3285, 13, 35, 29, 0, 0, 0, 0, 0),
(3286, 13, 35, 30, 0, 0, 0, 0, 0),
(3287, 13, 35, 31, 0, 0, 0, 0, 0),
(3288, 13, 35, 32, 0, 0, 0, 0, 0),
(3289, 13, 35, 33, 0, 0, 0, 0, 0),
(3290, 13, 35, 34, 0, 0, 0, 0, 0),
(3291, 13, 35, 35, 0, 0, 0, 0, 0),
(3292, 13, 35, 36, 0, 0, 0, 0, 0),
(3293, 13, 35, 37, 0, 0, 0, 0, 0),
(3294, 22, 36, 1, 0, 0, 0, 0, 0),
(3295, 22, 36, 2, 0, 0, 0, 0, 0),
(3296, 22, 36, 3, 0, 0, 0, 0, 0),
(3297, 22, 36, 4, 0, 0, 0, 0, 0),
(3298, 22, 36, 5, 0, 0, 0, 0, 0),
(3299, 22, 36, 6, 0, 0, 0, 0, 0),
(3300, 22, 36, 7, 0, 0, 0, 0, 0),
(3301, 22, 36, 8, 0, 0, 0, 0, 0),
(3302, 22, 36, 9, 0, 0, 0, 0, 0),
(3303, 22, 36, 10, 0, 0, 0, 0, 0),
(3304, 22, 36, 11, 0, 0, 0, 0, 0),
(3305, 22, 36, 12, 0, 0, 0, 0, 0),
(3306, 22, 36, 13, 0, 0, 0, 0, 0),
(3307, 22, 36, 14, 0, 0, 0, 0, 0),
(3308, 22, 36, 15, 0, 0, 0, 0, 0),
(3309, 22, 36, 16, 0, 0, 0, 0, 0),
(3310, 22, 36, 17, 0, 0, 0, 0, 0),
(3311, 22, 36, 18, 0, 0, 0, 0, 0),
(3312, 22, 36, 19, 0, 0, 0, 0, 0),
(3313, 22, 36, 20, 0, 0, 0, 0, 0),
(3314, 22, 36, 21, 0, 0, 0, 0, 0),
(3315, 22, 36, 22, 0, 0, 0, 0, 0),
(3316, 22, 36, 23, 0, 0, 0, 0, 0),
(3317, 22, 36, 24, 0, 0, 0, 0, 0),
(3318, 22, 36, 25, 0, 0, 0, 0, 0),
(3319, 22, 36, 26, 0, 0, 0, 0, 0),
(3320, 22, 36, 27, 0, 0, 0, 0, 0),
(3321, 22, 36, 28, 0, 0, 0, 0, 0),
(3322, 22, 36, 29, 0, 0, 0, 0, 0),
(3323, 22, 36, 30, 0, 0, 0, 0, 0),
(3324, 22, 36, 31, 0, 0, 0, 0, 0),
(3325, 22, 36, 32, 0, 0, 0, 0, 0),
(3326, 22, 36, 33, 0, 0, 0, 0, 0),
(3327, 22, 36, 34, 0, 0, 0, 0, 0),
(3328, 22, 36, 35, 0, 0, 0, 0, 0),
(3329, 22, 36, 36, 0, 0, 0, 0, 0),
(3330, 22, 36, 37, 0, 0, 0, 0, 0);

-- --------------------------------------------------------

--
-- Δομή πίνακα για τον πίνακα `semester`
--

CREATE TABLE IF NOT EXISTS `semester` (
  `id` int(11) NOT NULL AUTO_INCREMENT,
  `sem_num` int(11) NOT NULL,
  `sem_name` varchar(255) NOT NULL,
  PRIMARY KEY (`id`)
) ENGINE=InnoDB  DEFAULT CHARSET=utf8 AUTO_INCREMENT=9 ;

--
-- Άδειασμα δεδομένων του πίνακα `semester`
--

INSERT INTO `semester` (`id`, `sem_num`, `sem_name`) VALUES
(1, 1, 'Α'' Εξάμηνο'),
(2, 2, 'Β'' Εξάμηνο'),
(3, 3, 'Γ'' Εξάμηνο'),
(4, 4, 'Δ'' Εξάμηνο'),
(5, 5, 'E'' Εξάμηνο'),
(6, 6, 'ΣΤ'' Εξάμηνο'),
(7, 7, 'Ζ'' Εξάμηνο'),
(8, 0, 'Μαθήματα Επιλογής');

-- --------------------------------------------------------

--
-- Δομή πίνακα για τον πίνακα `student`
--

CREATE TABLE IF NOT EXISTS `student` (
  `id` int(11) NOT NULL AUTO_INCREMENT,
  `username` varchar(255) NOT NULL,
  `cid` int(11) NOT NULL,
  PRIMARY KEY (`id`),
  KEY `cid` (`cid`)
) ENGINE=InnoDB DEFAULT CHARSET=utf8 AUTO_INCREMENT=1 ;

-- --------------------------------------------------------

--
-- Δομή πίνακα για τον πίνακα `textresult`
--

CREATE TABLE IF NOT EXISTS `textresult` (
  `id` int(11) NOT NULL AUTO_INCREMENT,
  `cid` int(11) NOT NULL,
  `pid` int(11) NOT NULL,
  `qid` int(11) NOT NULL,
  `textans` text,
  PRIMARY KEY (`id`)
) ENGINE=InnoDB DEFAULT CHARSET=utf8 AUTO_INCREMENT=1 ;

--
-- Περιορισμοί για άχρηστους πίνακες
--

--
-- Περιορισμοί για πίνακα `course`
--
ALTER TABLE `course`
  ADD CONSTRAINT `course_ibfk_1` FOREIGN KEY (`semester`) REFERENCES `semester` (`id`) ON DELETE CASCADE ON UPDATE CASCADE;

--
-- Περιορισμοί για πίνακα `course_professor`
--
ALTER TABLE `course_professor`
  ADD CONSTRAINT `course_professor_ibfk_1` FOREIGN KEY (`cid`) REFERENCES `course` (`id`) ON DELETE CASCADE ON UPDATE CASCADE,
  ADD CONSTRAINT `course_professor_ibfk_2` FOREIGN KEY (`pid`) REFERENCES `professor` (`id`) ON DELETE CASCADE ON UPDATE CASCADE;

--
-- Περιορισμοί για πίνακα `result`
--
ALTER TABLE `result`
  ADD CONSTRAINT `result_ibfk_1` FOREIGN KEY (`cid`) REFERENCES `course` (`id`) ON DELETE CASCADE ON UPDATE CASCADE,
  ADD CONSTRAINT `result_ibfk_2` FOREIGN KEY (`pid`) REFERENCES `professor` (`id`) ON DELETE CASCADE ON UPDATE CASCADE,
  ADD CONSTRAINT `result_ibfk_3` FOREIGN KEY (`qid`) REFERENCES `question` (`id`) ON DELETE CASCADE ON UPDATE CASCADE;

--
-- Περιορισμοί για πίνακα `student`
--
ALTER TABLE `student`
  ADD CONSTRAINT `student_ibfk_1` FOREIGN KEY (`cid`) REFERENCES `course` (`id`) ON DELETE CASCADE ON UPDATE CASCADE;

/*!40101 SET CHARACTER_SET_CLIENT=@OLD_CHARACTER_SET_CLIENT */;
/*!40101 SET CHARACTER_SET_RESULTS=@OLD_CHARACTER_SET_RESULTS */;
/*!40101 SET COLLATION_CONNECTION=@OLD_COLLATION_CONNECTION */;
